{"stats":{"minecraft:killed_by":{"minecraft:iron_golem":1,"minecraft:skeleton":1,"minecraft:zombie":1},"minecraft:broken":{"minecraft:wooden_pickaxe":2,"minecraft:stone_pickaxe":1,"minecraft:iron_pickaxe":1,"minecraft:golden_pickaxe":1,"minecraft:wooden_axe":1},"minecraft:custom":{"minecraft:mob_kills":36,"minecraft:interact_with_crafting_table":25,"minecraft:interact_with_campfire":32,"minecraft:leave_game":5,"minecraft:time_since_death":40096,"minecraft:climb_one_cm":1023,"minecraft:sprint_one_cm":404030,"minecraft:walk_one_cm":209740,"minecraft:damage_blocked_by_shield":1903,"minecraft:drop":50,"minecraft:talked_to_villager":1,"minecraft:play_time":130347,"minecraft:deaths":3,"minecraft:sneak_time":17970,"minecraft:walk_under_water_one_cm":12571,"minecraft:jump":2320,"minecraft:interact_with_blast_furnace":3,"minecraft:walk_on_water_one_cm":24159,"minecraft:total_world_time":130347,"minecraft:interact_with_furnace":47,"minecraft:sleep_in_bed":4,"minecraft:time_since_rest":12646,"minecraft:waystone_activated":1,"minecraft:damage_taken":2615,"minecraft:damage_dealt":6756,"minecraft:swim_one_cm":79136,"minecraft:fly_one_cm":450535,"minecraft:open_chest":28,"minecraft:crouch_one_cm":46964,"minecraft:fall_one_cm":53899},"minecraft:picked_up":{"minecraft:wooden_axe":1,"minecraft:fishing_rod":1,"minecraft:iron_chestplate":2,"minecraft:crafting_table":7,"byg:soapstone":2,"create_new_age:thorium":26,"mekanism:raw_uranium":9,"minecraft:stone_slab":2,"minecraft:wooden_pickaxe":3,"minecraft:gold_block":2,"minecraft:potion":1,"minecraft:shield":1,"alexsmobs:cooked_catfish":3,"minecraft:string":6,"minecraft:iron_axe":1,"minecraft:flint_and_steel":1,"minecraft:iron_leggings":2,"minecraft:beetroot":6,"minecraft:gold_nugget":22,"minecraft:cobbled_deepslate":494,"comforts:sleeping_bag_white":4,"minecraft:beef":44,"minecraft:spruce_slab":5,"minecraft:iron_pickaxe":2,"minecraft:iron_boots":1,"minecraft:furnace":4,"minecraft:stick":6,"minecraft:raw_iron":77,"minecraft:composter":1,"minecraft:torch":2,"minecraft:spruce_stairs":1,"minecraft:spruce_fence":2,"sophisticatedbackpacks:backpack":2,"ars_nouveau:blue_archwood_log":4,"minecraft:porkchop":24,"minecraft:diorite":12,"mekanism:raw_tin":74,"byg:biomepedia":3,"minecraft:arrow":14,"minecraft:rotten_flesh":13,"minecraft:beetroot_seeds":22,"ars_nouveau:worn_notebook":2,"create:veridium":80,"minecraft:gold_ingot":46,"minecraft:obsidian":6,"minecraft:mutton":8,"minecraft:skeleton_skull":1,"minecraft:white_wool":5,"minecraft:cobblestone":78,"minecraft:cooked_beef":31,"mekanism:raw_lead":6,"minecraft:andesite":6,"minecraft:salmon":2,"minecraft:leather":10,"minecraft:potato":7,"alexsmobs:bison_fur":5,"minecraft:tuff":15,"create:raw_zinc":93,"minecraft:oak_log":22,"minecraft:golden_boots":1,"minecraft:lapis_lazuli":27,"minecraft:leather_boots":4,"minecraft:cooked_mutton":1,"minecraft:red_carpet":8,"minecraft:apple":3,"minecraft:bow":1,"minecraft:wheat_seeds":4,"minecraft:raw_gold":42,"minecraft:iron_ingot":35,"minecraft:stone_pickaxe":3,"minecraft:glass_bottle":2,"byg:subzero_crystal_shard":153,"minecraft:oak_planks":2,"create:large_water_wheel":2,"minecraft:gravel":22,"minecraft:ink_sac":2,"ars_elemental:yellow_archwood_log":64,"mekanism:raw_osmium":78,"alexsmobs:animal_dictionary":2,"alexsmobs:raw_catfish":5,"minecraft:sugar":3,"minecraft:iron_helmet":1,"mekanism:fluorite_gem":22,"byg:travertine":132,"minecraft:spruce_sign":1,"minecraft:bread":3,"minecraft:oak_sapling":1,"minecraft:black_wool":1,"minecraft:coal":40},"minecraft:mined":{"create:deepslate_zinc_ore":32,"minecraft:red_carpet":4,"minecraft:tuff":15,"mekanism:deepslate_osmium_ore":14,"minecraft:spruce_fence":2,"create_new_age:thorium_ore":4,"minecraft:composter":1,"comforts:sleeping_bag_white":1,"minecraft:tall_seagrass":2,"minecraft:furnace":2,"minecraft:iron_ore":24,"minecraft:fire":1,"minecraft:andesite":1,"minecraft:gold_block":2,"minecraft:deepslate_iron_ore":28,"byg:subzero_crystal_block":24,"minecraft:stone":36,"create:veridium":67,"sophisticatedbackpacks:backpack":1,"minecraft:white_wool":3,"minecraft:spruce_slab":4,"byg:tall_prairie_grass":9,"mekanism:deepslate_lead_ore":6,"mekanism:osmium_ore":8,"minecraft:dandelion":1,"minecraft:crafting_table":6,"minecraft:torch":1,"mekanism:tin_ore":5,"minecraft:spruce_wall_sign":1,"minecraft:stone_slab":1,"minecraft:tall_grass":14,"minecraft:cobblestone":1,"minecraft:deepslate_gold_ore":28,"minecraft:lapis_ore":1,"ars_elemental:yellow_archwood_log":33,"minecraft:diorite":12,"minecraft:wall_torch":1,"create:large_water_wheel":2,"minecraft:skeleton_skull":1,"minecraft:spruce_stairs":1,"mekanism:uranium_ore":1,"byg:soapstone":2,"ars_nouveau:blue_archwood_log":4,"minecraft:grass":13,"mekanism:deepslate_tin_ore":23,"minecraft:oak_log":16,"minecraft:coal_ore":17,"minecraft:beetroots":2,"byg:budding_subzero_crystal":5,"minecraft:sunflower":1,"mekanism:deepslate_fluorite_ore":3,"mekanism:deepslate_uranium_ore":2,"minecraft:oak_leaves":1,"minecraft:deepslate":209,"byg:travertine":62},"minecraft:used":{"minecraft:flint_and_steel":4,"minecraft:tropical_fish":1,"minecraft:spruce_slab":3,"create:veridium":2,"minecraft:shield":26,"minecraft:cooked_salmon":2,"minecraft:rotten_flesh":2,"minecraft:torch":2,"minecraft:tuff":9,"minecraft:obsidian":2,"minecraft:wooden_axe":33,"minecraft:iron_axe":139,"minecraft:iron_helmet":1,"minecraft:oak_sapling":1,"minecraft:furnace":3,"minecraft:cooked_beef":13,"minecraft:skeleton_skull":1,"comforts:sleeping_bag_white":3,"minecraft:cobbled_deepslate":14,"minecraft:cooked_mutton":1,"minecraft:diorite":12,"minecraft:stone_pickaxe":127,"minecraft:wooden_pickaxe":87,"minecraft:spruce_sign":1,"minecraft:crafting_table":9,"minecraft:oak_log":1,"sophisticatedbackpacks:backpack":1,"minecraft:apple":2,"minecraft:bread":9,"minecraft:iron_pickaxe":389,"byg:soapstone":2,"create:large_water_wheel":1,"minecraft:potion":1,"minecraft:golden_pickaxe":50},"minecraft:killed":{"minecraft:witch":1,"minecraft:skeleton":2,"alexsmobs:bison":4,"minecraft:cat":1,"minecraft:pig":6,"minecraft:creeper":1,"minecraft:sheep":2,"alexsmobs:catfish":4,"minecraft:zombie":9,"alexsmobs:fly":2,"minecraft:cow":3},"minecraft:dropped":{"mekanism:fluorite_gem":11,"byg:biomepedia":1,"minecraft:iron_ingot":24,"minecraft:bread":6,"minecraft:porkchop":12,"minecraft:wheat_seeds":4,"minecraft:glass_bottle":2,"minecraft:apple":5,"create:large_water_wheel":1,"alexsmobs:raw_catfish":1,"minecraft:ink_sac":2,"mekanism:raw_osmium":4,"minecraft:sugar":1,"minecraft:string":2,"minecraft:white_wool":2,"minecraft:gold_ingot":23,"minecraft:cobbled_deepslate":39,"minecraft:rotten_flesh":5,"minecraft:iron_boots":1,"byg:subzero_crystal_shard":1,"minecraft:andesite":3,"minecraft:leather_boots":3,"minecraft:spruce_slab":2,"minecraft:arrow":14,"minecraft:stone_pickaxe":1,"minecraft:black_wool":1},"minecraft:crafted":{"minecraft:oak_planks":14,"minecraft:cobblestone_slab":1,"comforts:sleeping_bag_white":1,"minecraft:furnace":1,"minecraft:iron_boots":1,"minecraft:iron_axe":1,"minecraft:stone_pickaxe":1,"minecraft:chest":1,"minecraft:cooked_beef":8,"sophisticatedbackpacks:backpack":1,"minecraft:crafting_table":3,"minecraft:wooden_pickaxe":1,"minecraft:iron_helmet":1,"minecraft:cooked_salmon":2,"minecraft:air":112,"minecraft:iron_chestplate":1,"minecraft:shield":2,"minecraft:stick":8,"minecraft:iron_ingot":39,"minecraft:iron_pickaxe":2,"minecraft:wooden_axe":1,"minecraft:gold_ingot":2,"minecraft:iron_leggings":1}},"DataVersion":3120}