{"stats":{"minecraft:mined":{"mekanism:osmium_ore":2,"create:shaft":2,"storagedrawers:oak_trim":1,"minecraft:grass":15,"minecraft:grass_block":5,"minecraft:dirt":16,"minecraft:tall_grass":7,"minecraft:stone":7},"minecraft:custom":{"minecraft:time_since_rest":30783,"minecraft:sprint_one_cm":43492,"minecraft:damage_taken":260,"minecraft:walk_one_cm":36981,"minecraft:drop":10,"minecraft:interact_with_crafting_table":3,"minecraft:swim_one_cm":1168,"minecraft:fly_one_cm":72296,"minecraft:open_chest":37,"minecraft:crouch_one_cm":789,"minecraft:play_time":30783,"minecraft:sneak_time":643,"minecraft:walk_under_water_one_cm":1090,"minecraft:jump":180,"minecraft:leave_game":2,"minecraft:time_since_death":30783,"minecraft:walk_on_water_one_cm":639,"minecraft:total_world_time":30783,"minecraft:fall_one_cm":9837},"minecraft:picked_up":{"storagedrawers:oak_trim":1,"mekanism:raw_osmium":2,"minecraft:dirt":21,"minecraft:wheat_seeds":4,"create:shaft":2,"minecraft:cobblestone":84},"minecraft:crafted":{"minecraft:oak_planks":64,"minecraft:stick":4,"minecraft:comparator":2,"minecraft:chest":6,"storagedrawers:oak_full_drawers_1":2,"minecraft:redstone_torch":6,"storagedrawers:controller_slave":1},"minecraft:used":{"minecraft:glass":2,"storagedrawers:oak_full_drawers_1":6,"mekanism:atomic_disassembler":26,"create:crushing_wheel":2,"minecraft:bread":3,"storagedrawers:controller_slave":1,"storagedrawers:quantify_key":4,"storagedrawers:oak_trim":7,"minecraft:torch":1,"minecraft:dirt":7,"create:brass_funnel":3,"create:shaft":8,"alexsmobs:animal_dictionary":1,"create:vertical_gearbox":3,"create:belt_connector":2},"minecraft:dropped":{"byg:biomepedia":1,"ars_nouveau:worn_notebook":1,"minecraft:wheat_seeds":4,"alexsmobs:animal_dictionary":1,"minecraft:cobblestone":11,"minecraft:quartz":24}},"DataVersion":3120}