{"stats":{"minecraft:picked_up":{"minecraft:wheat":112,"mekanism:electrolytic_separator":7,"minecraft:redstone_block":5,"create:mechanical_crafter":2,"byg:subzero_ash_block":4,"minecraft:amethyst_block":106,"minecraft:string":1,"create:limestone":192,"minecraft:cobbled_deepslate":4,"mekanism:basic_universal_cable":10,"minecraft:red_dye":30,"mekanism:ultimate_mechanical_pipe":16,"minecraft:calcite":109,"minecraft:stick":65,"createoreexcavation:drilling_machine":1,"byg:green_mushroom":1,"minecraft:torch":148,"create:andesite_casing":41,"minecraft:diorite":16,"mekanism:raw_tin":140,"minecraft:cauldron":5,"minecraft:black_dye":2,"fluxnetworks:flux_plug":2,"mekanism:ultimate_universal_cable":19,"minecraft:rotten_flesh":6,"create:copper_casing":3,"byg:embur_gel_ball":4,"minecraft:obsidian":2,"byg:quartzite_sand":3,"minecraft:cobblestone":1759,"occultism:datura_seeds":11,"minecraft:andesite":141,"create:raw_zinc":163,"minecraft:dirt":814,"minecraft:glass":20,"minecraft:bone":4,"minecraft:wheat_seeds":370,"create:mechanical_drill":5,"create_new_age:magnetite_block":11,"create:shaft":2,"minecraft:bamboo":53,"minecraft:oak_planks":1,"mekanism:chemical_infuser":5,"create:cogwheel":1,"sophisticatedbackpacks:iron_backpack":9,"mekanism:resistive_heater":1,"minecraft:grass_block":4,"minecraft:barrel":1,"mekanism:basic_mechanical_pipe":1,"minecraft:diamond":20,"byg:travertine":33,"minecraft:granite":147,"minecraft:bone_meal":92,"minecraft:bread":1,"alexsmobs:maggot":4,"minecraft:oak_sapling":139,"minecraft:oak_leaves":5,"fluxnetworks:flux_dust":16,"minecraft:charcoal":335,"byg:soapstone":780,"create_new_age:thorium":5,"minecraft:azure_bluet":5,"mekanism:thermal_evaporation_controller":1,"minecraft:cornflower":7,"create:fluid_pipe":1,"mekanism:pressurized_reaction_chamber":1,"create:chute":1,"create:brass_funnel":1,"minecraft:deepslate_diamond_ore":4,"minecraft:iron_nugget":1364,"minecraft:poppy":1,"minecraft:sugar_cane":16,"minecraft:phantom_membrane":2,"storagedrawers:oak_trim":1,"minecraft:raw_iron":125,"create:hand_crank":2,"create:powdered_obsidian":3,"minecraft:carrot":834,"create:brass_casing":1,"mekanism:thermal_evaporation_block":49,"mekanism:crusher":1,"minecraft:arrow":3,"mekanism:ultimate_logistical_transporter":3,"minecraft:rail":1,"minecraft:oxeye_daisy":4,"mekanism:raw_lead":8,"mekanismgenerators:gas_burning_generator":1,"minecraft:oak_log":598,"minecraft:ancient_debris":1,"minecraft:gunpowder":1,"fluxnetworks:flux_point":5,"mekanism:enrichment_chamber":1,"minecraft:apple":9,"fluxnetworks:flux_controller":1,"create:mechanical_saw":1,"minecraft:smooth_basalt":113,"mekanism:ultimate_pressurized_tube":2,"minecraft:dandelion":44,"mekanism:thermal_evaporation_valve":3,"minecraft:gravel":7,"minecraft:amethyst_shard":6,"minecraft:spider_eye":1,"mekanism:raw_osmium":77,"create:wheat_flour":99,"create:electron_tube":1,"mekanismgenerators:wind_generator":2,"cookingforblockheads:sink":4,"create:mechanical_pump":1,"minecraft:deepslate_redstone_ore":5,"minecraft:coal":255,"minecraft:ender_pearl":4,"minecraft:sunflower":41},"minecraft:mined":{"mekanismgenerators:wind_generator":2,"create:copper_casing":3,"minecraft:oak_sapling":11,"byg:green_mushroom_block":1,"mekanism:electrolytic_separator":7,"create:andesite_casing":41,"minecraft:obsidian":1,"minecraft:granite":8,"mekanism:chemical_infuser":5,"minecraft:grass_block":379,"sophisticatedbackpacks:iron_backpack":9,"minecraft:oxeye_daisy":1,"minecraft:barrel":1,"minecraft:iron_ore":55,"minecraft:cobbled_deepslate":3,"minecraft:fire":9,"byg:prairie_grass":1,"byg:quartzite_sand":3,"mekanism:thermal_evaporation_valve":3,"create:cogwheel":1,"mekanism:osmium_ore":32,"fluxnetworks:flux_point":5,"ars_nouveau:light_block":1,"mekanism:enrichment_chamber":1,"minecraft:torch":17,"mekanism:ultimate_pressurized_tube":2,"minecraft:calcite":28,"mekanism:tin_ore":68,"create:brass_casing":1,"minecraft:glass":5,"minecraft:cobblestone":5,"minecraft:sugar_cane":8,"minecraft:oak_planks":1,"minecraft:cauldron":5,"byg:soapstone":50,"minecraft:wheat":112,"byg:subzero_ash_block":4,"minecraft:grass":144,"mekanism:deepslate_tin_ore":6,"minecraft:oak_log":37,"mekanism:lead_ore":3,"create:hand_crank":1,"minecraft:dirt":403,"minecraft:ancient_debris":1,"mekanism:basic_universal_cable":8,"minecraft:oak_leaves":7,"minecraft:deepslate":1,"byg:travertine":34,"create:brass_funnel":1,"create:zinc_ore":71,"fluxnetworks:flux_controller":1,"minecraft:deepslate_diamond_ore":8,"mekanism:basic_mechanical_pipe":1,"mekanism:deepslate_osmium_ore":2,"create_new_age:thorium_ore":1,"mekanism:resistive_heater":1,"mekanism:ultimate_universal_cable":19,"create:shaft":2,"minecraft:carrots":154,"mekanism:ultimate_mechanical_pipe":16,"storagedrawers:oak_trim":1,"minecraft:andesite":6,"mekanism:thermal_evaporation_controller":1,"mekanismgenerators:gas_burning_generator":1,"minecraft:rail":1,"create:chute":1,"minecraft:bamboo":4,"minecraft:stone":551,"mekanism:crusher":1,"minecraft:redstone_block":5,"mekanism:thermal_evaporation_block":49,"create_new_age:magnetite_block":11,"minecraft:dandelion":9,"minecraft:cornflower":1,"create:fluid_pipe":1,"create:mechanical_pump":1,"minecraft:tall_grass":51,"minecraft:diorite":16,"create:mechanical_saw":1,"cookingforblockheads:sink":4,"mekanism:pressurized_reaction_chamber":1,"fluxnetworks:flux_plug":2,"create:mechanical_drill":5,"minecraft:coal_ore":108,"minecraft:sunflower":36,"create:mechanical_crafter":1,"byg:embur_gel_block":1,"mekanism:ultimate_logistical_transporter":3},"minecraft:dropped":{"byg:biomepedia":1,"occultism:datura_seeds":11,"minecraft:oak_log":399,"minecraft:flint":133,"minecraft:dirt":2360,"minecraft:cornflower":7,"minecraft:sunflower":41,"minecraft:phantom_membrane":2,"minecraft:sand":128,"byg:embur_gel_ball":4,"minecraft:bone":4,"minecraft:gravel":7,"create_new_age:thorium":42,"minecraft:iron_nugget":180,"alexsmobs:animal_dictionary":1,"minecraft:cobbled_deepslate":1,"minecraft:wheat":63,"minecraft:obsidian":3,"minecraft:rotten_flesh":6,"create:asurine":57,"minecraft:azure_bluet":5,"mekanism:basic_universal_cable":2,"minecraft:poppy":1,"minecraft:gunpowder":1,"create:limestone":436,"minecraft:quartz":24,"mekanism:dust_steel":4,"minecraft:wheat_seeds":74,"minecraft:cobblestone":1246,"minecraft:granite":1105,"minecraft:grass_block":3,"minecraft:coal":1,"minecraft:oxeye_daisy":4,"ars_nouveau:worn_notebook":1,"minecraft:torch":110,"byg:soapstone":2556,"byg:green_mushroom":1,"minecraft:string":1,"create:raw_zinc":8,"minecraft:smooth_basalt":177,"minecraft:dandelion":43,"minecraft:redstone":16,"alexsmobs:maggot":4,"minecraft:raw_copper":289,"minecraft:andesite":238,"minecraft:spider_eye":1,"minecraft:calcite":158},"minecraft:killed":{"minecraft:spider":2,"minecraft:skeleton":5,"minecraft:piglin":1,"mekanismadditions:baby_enderman":2,"minecraft:creeper":3,"minecraft:zombie":6,"alexsmobs:fly":2,"minecraft:phantom":3,"mekanismadditions:baby_skeleton":1,"minecraft:bat":1,"alexsmobs:cockroach":1,"minecraft:enderman":4},"minecraft:custom":{"minecraft:interact_with_crafting_table":85,"minecraft:open_barrel":4,"minecraft:leave_game":5,"minecraft:time_since_death":849000,"minecraft:sprint_one_cm":1541496,"minecraft:drop":265,"minecraft:talked_to_villager":1,"minecraft:play_time":849000,"minecraft:jump":1974,"minecraft:walk_on_water_one_cm":12330,"minecraft:interact_with_furnace":2,"minecraft:traded_with_villager":16,"minecraft:sleep_in_bed":12,"minecraft:damage_dealt":6719,"minecraft:crouch_one_cm":33292,"minecraft:mob_kills":32,"minecraft:fill_cauldron":2,"minecraft:walk_one_cm":977002,"minecraft:sneak_time":12210,"minecraft:walk_under_water_one_cm":24415,"minecraft:total_world_time":849000,"minecraft:time_since_rest":60950,"minecraft:damage_taken":2558,"minecraft:swim_one_cm":13336,"minecraft:fly_one_cm":774774,"minecraft:open_chest":551,"minecraft:fall_one_cm":154615},"minecraft:crafted":{"minecraft:oak_planks":432,"createoreexcavation:vein_finder":1,"mekanism:ingot_osmium":18,"mekanism:electrolytic_separator":3,"mekanism:electrolytic_core":4,"mekanismgenerators:gas_burning_generator":1,"mekanism:gauge_dropper":1,"fluxnetworks:flux_point":1,"mekanism:basic_tier_installer":1,"mekanism:thermal_evaporation_controller":1,"mekanism:block_raw_tin":15,"mekanism:isotopic_centrifuge":1,"mekanism:chemical_dissolution_chamber":1,"minecraft:comparator":4,"mekanism:elite_universal_cable":64,"minecraft:chest":8,"mekanism:rotary_condensentrator":1,"create:spout":2,"mekanism:basic_fluid_tank":1,"mekanism:elite_mechanical_pipe":64,"storagedrawers:controller_slave":2,"mekanism:elite_control_circuit":6,"minecraft:ender_eye":5,"create:cogwheel":18,"mekanism:energy_tablet":4,"fluxnetworks:flux_core":16,"minecraft:raw_iron_block":20,"mekanism:advanced_logistical_transporter":64,"mekanism:block_charcoal":59,"create:depot":1,"minecraft:emerald":16,"mekanism:chemical_infuser":2,"minecraft:cauldron":1,"create:brass_block":4,"storagedrawers:oak_full_drawers_1":2,"mekanism:advanced_thermodynamic_conductor":64,"mekanism:thermal_evaporation_block":52,"mekanism:advanced_pressurized_tube":64,"mekanism:solar_neutron_activator":1,"mekanism:steel_casing":13,"minecraft:stick":592,"mekanism:crusher":1,"minecraft:iron_ingot":887,"mekanism:hazmat_gown":1,"minecraft:iron_block":32,"mekanism:resistive_heater":1,"minecraft:gold_ingot":18,"create:large_cogwheel":15,"minecraft:redstone_torch":12,"mekanism:thermal_evaporation_valve":3,"mekanism:elite_pressurized_tube":64,"mekanism:advanced_universal_cable":64,"mekanism:basic_logistical_transporter":64,"mekanism:basic_universal_cable":64,"minecraft:redstone":99,"mekanismgenerators:wind_generator":1,"minecraft:iron_nugget":153,"mekanism:pressurized_reaction_chamber":3,"mekanism:basic_chemical_tank":17,"mekanism:energized_smelter":1,"minecraft:glass_pane":32,"mekanism:basic_pressurized_tube":64,"mekanism:chemical_oxidizer":1,"storagedrawers:emerald_storage_upgrade":5,"mekanism:hazmat_boots":1,"mekanism:elite_thermodynamic_conductor":64,"minecraft:iron_hoe":1,"mekanism:personal_chest":1,"minecraft:redstone_block":1,"create:electron_tube":1,"mekanism:block_raw_osmium":8,"storagedrawers:oak_trim":8,"minecraft:wheat":63,"mekanism:hazmat_mask":1,"mekanism:dynamic_tank":4,"mekanism:ultimate_control_circuit":4,"minecraft:bucket":10,"minecraft:air":0,"mekanism:basic_thermodynamic_conductor":64,"create:raw_zinc_block":11,"mekanism:hazmat_pants":1,"mekanism:block_raw_uranium":12,"mekanism:enrichment_chamber":4,"mekanism:advanced_mechanical_pipe":64,"mekanism:advanced_control_circuit":11,"mekanism:basic_mechanical_pipe":64,"create:mechanical_drill":40,"mekanism:elite_logistical_transporter":64,"minecraft:torch":128,"cookingforblockheads:sink":3,"minecraft:clay":15},"minecraft:used":{"byg:travertine":2,"create:deployer":1,"fluxnetworks:flux_plug":2,"mekanism:basic_mechanical_pipe":1,"mekanism:ultimate_pressurized_tube":4,"create:cogwheel":8,"create:mechanical_crafter":28,"minecraft:carrot":347,"create:depot":1,"mekanism:basic_universal_cable":1,"minecraft:obsidian":2,"minecraft:glass":69,"minecraft:lava_bucket":17,"minecraft:grass_block":1,"mekanismgenerators:wind_generator":3,"mekanism:basic_tier_installer":1,"minecraft:deepslate_diamond_ore":8,"create:shaft":8,"create:mechanical_drill":53,"minecraft:oak_sapling":103,"mekanismgenerators:gas_burning_generator":2,"mekanism:ultimate_mechanical_pipe":23,"minecraft:diorite":16,"create:crushing_wheel":2,"minecraft:oak_planks":1,"minecraft:redstone_block":5,"minecraft:diamond_axe":57,"create:mechanical_saw":11,"minecraft:oak_leaves":5,"create:spout":1,"mekanism:chemical_dissolution_chamber":1,"byg:quartzite_sand":3,"minecraft:shears":5,"mekanism:crusher":2,"minecraft:bread":80,"mekanism:upgrade_speed":2,"mekanism:thermal_evaporation_controller":1,"mekanism:rotary_condensentrator":1,"storagedrawers:quantify_key":5,"storagedrawers:oak_trim":12,"mekanism:ultimate_logistical_transporter":4,"minecraft:andesite":1,"create:vertical_gearbox":3,"minecraft:bone_meal":117,"create:large_cogwheel":1,"cookingforblockheads:sink":7,"storagedrawers:oak_full_drawers_1":6,"mekanism:enrichment_chamber":2,"sophisticatedbackpacks:iron_backpack":9,"minecraft:flint_and_steel":9,"mekanism:configurator":36,"minecraft:torch":184,"create:mechanical_pump":2,"minecraft:dirt":1090,"minecraft:ancient_debris":2,"minecraft:granite":2,"create:chute":3,"minecraft:iron_hoe":71,"mekanism:chemical_oxidizer":1,"create:wrench":30,"create:cart_assembler":3,"minecraft:barrel":1,"create:encased_chain_drive":15,"mekanism:upgrade_energy":2,"create:fluid_pipe":2,"mekanism:electrolytic_separator":9,"mekanism:pressurized_reaction_chamber":4,"minecraft:cobbled_deepslate":53,"create:belt_connector":2,"minecraft:calcite":15,"minecraft:water_bucket":9,"mekanism:isotopic_centrifuge":1,"fluxnetworks:flux_point":6,"mekanism:ultimate_universal_cable":41,"minecraft:cauldron":6,"create:furnace_minecart_contraption":8,"mekanism:chemical_infuser":6,"fluxnetworks:flux_controller":1,"minecraft:rail":13,"create:brass_funnel":6,"mekanism:thermal_evaporation_valve":3,"minecraft:oak_log":54,"mekanism:basic_chemical_tank":2,"minecraft:diamond_pickaxe":544,"mekanism:atomic_disassembler":1773,"create:mechanical_press":1,"storagedrawers:controller_slave":2,"mekanism:energized_smelter":1,"byg:soapstone":77,"minecraft:cobblestone":39,"createoreexcavation:vein_finder":6,"minecraft:cooked_porkchop":2,"minecraft:bucket":11,"alexsmobs:animal_dictionary":1,"create:hand_crank":11,"mekanism:thermal_evaporation_block":49,"minecraft:dandelion":1,"byg:subzero_ash_block":4,"mekanism:resistive_heater":1}},"DataVersion":3120}