{"stats":{"minecraft:killed":{"minecraft:skeleton":20,"minecraft:chicken":19,"minecraft:pillager":1,"minecraft:zombie":18,"alexsmobs:raccoon":10,"minecraft:horse":10,"mekanismadditions:baby_skeleton":4,"ars_nouveau:drygmy":1,"ars_nouveau:starbuncle":3,"minecraft:wandering_trader":2,"minecraft:enderman":5,"alexsmobs:hummingbird":5,"minecraft:spider":2,"minecraft:piglin":1,"minecraft:pig":6,"mekanismadditions:baby_enderman":5,"alexsmobs:grizzly_bear":2,"alexsmobs:stradpole":2,"minecraft:creeper":7,"minecraft:sheep":5,"minecraft:trader_llama":5,"minecraft:ghast":1,"alexsmobs:fly":3,"minecraft:phantom":6,"alexsmobs:bison":2,"minecraft:drowned":1,"minecraft:bat":1,"alexsmobs:cockroach":2,"ars_nouveau:whirlisprig":6,"alexsmobs:crow":2},"minecraft:used":{"byg:travertine":17,"create:deployer":16,"mekanism:ultimate_tier_installer":4,"mekanism:pressure_disperser":25,"minecraft:stone":3,"mekanism:ultimate_thermodynamic_conductor":4,"mekanism:digital_miner":2,"fluxnetworks:flux_plug":5,"minecraft:soul_sand":1,"mekanism:ultimate_pressurized_tube":7,"create:mechanical_crafter":28,"ironchest:iron_chest":1,"create:depot":1,"mekanismgenerators:turbine_rotor":4,"mekanism:basic_energy_cube":1,"minecraft:lava_bucket":21,"minecraft:grass_block":1,"create:shaft":8,"minecraft:oak_sapling":103,"mekanismgenerators:gas_burning_generator":2,"minecraft:egg":4,"minecraft:diorite":18,"minecraft:powered_rail":11,"minecraft:orange_tulip":1,"mekanism:induction_port":2,"minecraft:blackstone":7,"minecraft:composter":1,"minecraft:oak_leaves":5,"create:spout":1,"mekanism:chemical_dissolution_chamber":1,"mekanismgenerators:turbine_vent":41,"mekanismgenerators:reactor_glass":287,"minecraft:deepslate_tiles":46,"minecraft:deepslate_iron_ore":8,"mekanism:thermal_evaporation_controller":3,"mekanism:rotary_condensentrator":5,"minecraft:smithing_table":2,"minecraft:enchanting_table":1,"minecraft:netherrack":108,"minecraft:torch":646,"minecraft:warped_wart_block":715,"minecraft:ancient_debris":2,"mekanismgenerators:control_rod_assembly":17,"mekanismgenerators:fission_reactor_casing":217,"mekanism:chemical_oxidizer":1,"create:wrench":176,"mekanism:teleporter_frame":19,"minecraft:barrel":1,"minecraft:bamboo":1,"create:encased_chain_drive":15,"minecraft:basalt":38,"mekanism:upgrade_energy":7,"create:fluid_pipe":2,"comforts:sleeping_bag_white":1,"minecraft:cobbled_deepslate":101,"create:belt_connector":2,"minecraft:calcite":15,"minecraft:wheat_seeds":224,"minecraft:water_bucket":13,"minecraft:warped_stem":9,"storagedrawers:compacting_drawers_3":4,"mekanism:isotopic_centrifuge":1,"minecraft:cauldron":6,"create:furnace_minecart_contraption":43,"minecraft:rail":77,"minecraft:crafting_table":1,"mekanism:thermal_evaporation_valve":10,"mekanism:advanced_induction_provider":1,"minecraft:oak_log":97,"mekanism:induction_casing":29,"mekanismgenerators:turbine_valve":4,"minecraft:diamond_pickaxe":1644,"mekanism:atomic_disassembler":5865,"minecraft:sunflower":1,"minecraft:oak_button":14,"minecraft:cobblestone":164,"minecraft:cooked_porkchop":2,"mekanismgenerators:saturating_condenser":24,"mekanism:thermal_evaporation_block":122,"minecraft:kelp":9,"minecraft:dandelion":1,"byg:subzero_ash_block":4,"mekanism:resistive_heater":2,"mekanismgenerators:rotational_complex":1,"mekanism:basic_mechanical_pipe":12,"mekanism:osmium_ore":39,"create:minecart_contraption":1,"create:cogwheel":8,"mekanism:lead_ore":181,"minecraft:carrot":2154,"minecraft:furnace_minecart":10,"mekanism:basic_universal_cable":39,"minecraft:tuff":5,"minecraft:obsidian":2,"minecraft:glass":69,"mekanismgenerators:wind_generator":4,"mekanismgenerators:electromagnetic_coil":2,"minecraft:warped_nylium":2,"minecraft:crimson_roots":4,"mekanism:basic_tier_installer":1,"minecraft:deepslate_diamond_ore":20,"minecraft:warped_fungus":28,"ironchest:obsidian_chest":4,"create:mechanical_drill":53,"mekanism:ultimate_mechanical_pipe":26,"create:crushing_wheel":2,"minecraft:oak_planks":1,"minecraft:redstone_block":8,"minecraft:diamond_axe":93,"minecraft:sugar_cane":1,"create:mechanical_saw":98,"byg:quartzite_sand":3,"minecraft:sponge":2,"minecraft:shears":243,"mekanism:deepslate_osmium_ore":9,"minecraft:redstone_torch":8,"waystones:waystone":3,"mekanism:teleporter":2,"mekanism:crusher":2,"mekanism:elite_tier_installer":4,"minecraft:bread":240,"mekanism:upgrade_speed":8,"mekanism:basic_pressurized_tube":1,"minecraft:deepslate":5,"minecraft:gravel":9,"storagedrawers:quantify_key":9,"storagedrawers:oak_trim":12,"mekanism:ultimate_logistical_transporter":4,"mekanism:advanced_induction_cell":1,"minecraft:andesite":2,"mekanismgenerators:fission_fuel_assembly":129,"create:vertical_gearbox":3,"minecraft:bone_meal":336,"create:large_cogwheel":1,"cookingforblockheads:sink":9,"mekanism:advanced_tier_installer":4,"storagedrawers:oak_full_drawers_1":9,"sophisticatedbackpacks:iron_backpack":9,"mekanism:enrichment_chamber":2,"minecraft:flint_and_steel":27,"mekanism:configurator":64,"minecraft:redstone":1,"create:mechanical_pump":2,"minecraft:dirt":1318,"mekanismgenerators:fission_reactor_port":6,"mekanism:tin_ore":1,"minecraft:granite":5,"create:chute":3,"minecraft:iron_hoe":153,"minecraft:bookshelf":8,"create:cart_assembler":34,"byg:blue_netherrack":39,"ironchest:gold_chest":2,"minecraft:minecart":2,"mekanism:electrolytic_separator":10,"mekanism:pressurized_reaction_chamber":4,"fluxnetworks:flux_point":8,"mekanism:ultimate_universal_cable":57,"minecraft:warped_roots":71,"mekanism:chemical_infuser":6,"fluxnetworks:flux_controller":1,"create:brass_funnel":6,"mekanismgenerators:turbine_casing":157,"mekanism:basic_chemical_tank":9,"ars_nouveau:source_jar":2,"create:mechanical_press":1,"mekanism:structural_glass":94,"storagedrawers:controller_slave":2,"mekanism:energized_smelter":1,"mekanism:chemical_crystallizer":2,"byg:soapstone":77,"createoreexcavation:vein_finder":6,"minecraft:bucket":18,"alexsmobs:animal_dictionary":1,"create:hand_crank":73,"minecraft:smooth_stone":263},"minecraft:picked_up":{"mekanism:raw_uranium":1,"minecraft:smithing_table":1,"minecraft:lead":5,"minecraft:amethyst_block":106,"minecraft:string":1,"minecraft:soul_soil":30,"create:limestone":192,"minecraft:shroomlight":142,"minecraft:cobbled_deepslate":2968,"create:cart_assembler":1,"minecraft:gold_nugget":8876,"mekanism:basic_universal_cable":16,"mekanism:tin_ore":1,"create:andesite_casing":65,"ironchest:gold_chest":1,"mekanism:raw_tin":140,"minecraft:cauldron":5,"minecraft:black_dye":2,"create:copper_casing":3,"mekanism:lead_ore":1,"minecraft:furnace_minecart":9,"minecraft:feather":21,"alexsmobs:bison_fur":1,"minecraft:flint":18,"mekanism:chemical_crystallizer":1,"create:mechanical_drill":5,"mekanism:deepslate_lead_ore":1,"create:shaft":2,"minecraft:glowstone_dust":35,"mekanism:pressure_disperser":25,"mekanism:chemical_infuser":5,"minecraft:warped_wart_block":4111,"sophisticatedbackpacks:iron_backpack":9,"mekanism:resistive_heater":1,"minecraft:barrel":1,"mekanism:basic_mechanical_pipe":9,"minecraft:iron_hoe":5,"mekanismgenerators:turbine_vent":41,"minecraft:deepslate":5,"mekanism:induction_casing":3,"minecraft:deepslate_gold_ore":33,"minecraft:granite":156,"byg:travertine":101,"minecraft:bread":1,"alexsmobs:maggot":4,"minecraft:crimson_roots":4,"mekanismgenerators:turbine_rotor":4,"minecraft:crafting_table":1,"mekanism:thermal_evaporation_controller":1,"minecraft:cornflower":7,"create:fluid_pipe":1,"mekanism:pressurized_reaction_chamber":1,"create:brass_funnel":1,"minecraft:deepslate_diamond_ore":16,"minecraft:beef":14,"mekanism:teleporter_frame":1,"minecraft:iron_nugget":7889,"minecraft:poppy":1,"minecraft:minecart":1,"mekanism:structural_glass":88,"minecraft:egg":4,"minecraft:stone":3,"ironchest:iron_chest":4,"create:powdered_obsidian":3,"minecraft:carrot":5426,"minecraft:redstone":15,"create:brass_casing":1,"mekanism:crusher":1,"mekanism:ultimate_logistical_transporter":3,"byg:blue_netherrack":229,"minecraft:mutton":7,"minecraft:rail":10,"minecraft:white_wool":4,"minecraft:oxeye_daisy":6,"mekanism:raw_lead":269,"mekanismgenerators:gas_burning_generator":1,"minecraft:oak_log":1179,"minecraft:ancient_debris":5,"mekanismgenerators:electromagnetic_coil":2,"minecraft:apple":17,"minecraft:warped_stem":663,"minecraft:iron_ore":83,"mekanismgenerators:turbine_blade":8,"create:mechanical_saw":7,"minecraft:smooth_basalt":113,"ars_nouveau:source_jar":2,"minecraft:gravel":69,"cookingforblockheads:sink":5,"minecraft:deepslate_redstone_ore":80,"create:mechanical_pump":1,"minecraft:redstone_ore":1,"minecraft:diamond_axe":1,"minecraft:warped_roots":323,"minecraft:oak_button":2,"mekanismgenerators:reactor_glass":146,"minecraft:warped_nylium":1,"minecraft:ender_pearl":7,"minecraft:wheat":332,"mekanism:electrolytic_separator":8,"minecraft:redstone_block":6,"create:mechanical_crafter":2,"mekanismgenerators:turbine_casing":157,"byg:subzero_ash_block":7,"minecraft:deepslate_tiles":25,"minecraft:smooth_stone":7,"comforts:sleeping_bag_white":1,"minecraft:red_dye":30,"mekanismgenerators:fission_reactor_casing":111,"minecraft:redstone_torch":4,"mekanism:ultimate_mechanical_pipe":16,"minecraft:calcite":109,"alexsmobs:raccoon_tail":1,"mekanism:deepslate_uranium_ore":55,"minecraft:deepslate_iron_ore":31,"minecraft:stick":121,"occultism:silver_ore_deepslate":3,"ironchest:obsidian_chest":1,"createoreexcavation:drilling_machine":1,"mekanismgenerators:fission_reactor_port":3,"create:dough":102,"byg:green_mushroom":1,"minecraft:torch":190,"minecraft:porkchop":9,"minecraft:diorite":147,"fluxnetworks:flux_plug":5,"mekanism:ultimate_universal_cable":20,"minecraft:nether_gold_ore":47,"minecraft:rotten_flesh":21,"byg:embur_gel_ball":4,"minecraft:obsidian":3,"byg:quartzite_sand":3,"minecraft:cobblestone":2380,"mekanismgenerators:rotational_complex":1,"occultism:datura_seeds":17,"minecraft:andesite":142,"alexsmobs:bear_fur":3,"minecraft:tuff":261,"create:raw_zinc":163,"ars_nouveau:earth_essence":8,"minecraft:dirt":1461,"minecraft:bone":18,"minecraft:glass":20,"mekanismgenerators:turbine_valve":4,"minecraft:bow":1,"minecraft:orange_tulip":1,"minecraft:wheat_seeds":1037,"minecraft:raw_gold":10,"create_new_age:magnetite_block":11,"mekanismgenerators:control_rod_assembly":9,"byg:warped_coral_block":2,"minecraft:bamboo":103,"minecraft:powered_rail":2,"mekanism:osmium_ore":44,"minecraft:oak_planks":1,"mekanism:rotary_condensentrator":3,"create:cogwheel":1,"minecraft:grass_block":4,"mekanism:digital_miner":1,"mekanismgenerators:saturating_condenser":24,"minecraft:diamond":61,"waystones:waystone":2,"byg:warped_soul_sand":8,"minecraft:bone_meal":271,"minecraft:oak_sapling":310,"minecraft:netherrack":680,"minecraft:oak_leaves":236,"fluxnetworks:flux_dust":16,"minecraft:charcoal":1359,"create_new_age:thorium":9,"mekanism:deepslate_osmium_ore":11,"byg:soapstone":785,"minecraft:azure_bluet":7,"minecraft:chicken":18,"create:chute":1,"minecraft:blackstone":298,"minecraft:light_gray_wool":1,"minecraft:sugar_cane":48,"minecraft:phantom_membrane":4,"storagedrawers:oak_trim":1,"minecraft:raw_iron":150,"create:hand_crank":5,"mekanism:basic_energy_cube":1,"mekanism:thermal_evaporation_block":59,"minecraft:arrow":24,"create:experience_nugget":35,"mekanism:ingot_lead":170,"minecraft:wet_sponge":2,"minecraft:basalt":1696,"minecraft:leather":15,"minecraft:crimson_fungus":5,"minecraft:gunpowder":5,"create:copper_nugget":5442,"fluxnetworks:flux_point":8,"mekanism:enrichment_chamber":1,"mekanismgenerators:fission_fuel_assembly":65,"byg:scoria_cobblestone":273,"ars_nouveau:glyph_harvest":1,"fluxnetworks:flux_controller":1,"minecraft:iron_ingot":43,"storagedrawers:oak_full_drawers_1":7,"minecraft:soul_sand":32721,"minecraft:warped_fungus":48,"mekanism:ultimate_pressurized_tube":3,"byg:wailing_bell_blossom":1,"minecraft:quartz":14086,"minecraft:dandelion":47,"mekanism:thermal_evaporation_valve":3,"mekanism:basic_chemical_tank":114,"minecraft:amethyst_shard":6,"minecraft:gold_ore":1,"minecraft:spider_eye":1,"mekanism:raw_osmium":207,"create:wheat_flour":265,"create:electron_tube":1,"mekanismgenerators:wind_generator":3,"create:zinc_nugget":5418,"mekanism:fluorite_gem":100,"minecraft:coal":287,"minecraft:sunflower":57},"minecraft:broken":{"minecraft:shears":1,"minecraft:iron_helmet":1},"minecraft:mined":{"mekanismgenerators:wind_generator":3,"create:copper_casing":3,"byg:green_mushroom_block":1,"create:andesite_casing":65,"mekanism:teleporter_frame":1,"minecraft:obsidian":1,"minecraft:granite":17,"mekanismgenerators:turbine_valve":4,"minecraft:crimson_fungus":5,"minecraft:oxeye_daisy":2,"minecraft:fire":25,"minecraft:barrel":1,"minecraft:cobbled_deepslate":8,"byg:blue_nether_quartz_ore":5,"ironchest:gold_chest":1,"byg:prairie_grass":2,"byg:quartzite_sand":3,"create:cogwheel":1,"mekanism:osmium_ore":71,"mekanismgenerators:turbine_vent":41,"ars_nouveau:light_block":1,"mekanism:enrichment_chamber":1,"minecraft:torch":41,"mekanism:ultimate_pressurized_tube":3,"mekanism:tin_ore":68,"minecraft:glass":5,"minecraft:sugar_cane":24,"byg:soapstone":55,"minecraft:wheat":336,"storagedrawers:oak_full_drawers_1":7,"minecraft:warped_fungus":49,"mekanismgenerators:electromagnetic_coil":2,"minecraft:grass":313,"mekanism:lead_ore":115,"mekanismgenerators:reactor_glass":146,"create:hand_crank":4,"byg:warped_soul_sand":18,"minecraft:deepslate":148,"byg:travertine":108,"create:zinc_ore":71,"minecraft:deepslate_tiles":25,"fluxnetworks:flux_controller":1,"minecraft:allium":1,"minecraft:crimson_roots":4,"create_new_age:thorium_ore":1,"mekanism:basic_chemical_tank":7,"minecraft:redstone_wire":1,"mekanism:resistive_heater":1,"create:shaft":2,"mekanism:ultimate_mechanical_pipe":16,"storagedrawers:oak_trim":1,"minecraft:andesite":7,"mekanismgenerators:gas_burning_generator":1,"create:cart_assembler":1,"minecraft:rail":2,"ironchest:iron_chest":4,"create:chute":1,"minecraft:warped_stem":33,"mekanism:chemical_crystallizer":1,"minecraft:bamboo_sapling":1,"minecraft:bamboo":8,"minecraft:smithing_table":1,"mekanism:crusher":1,"minecraft:redstone_block":8,"minecraft:soul_sand":15,"mekanism:basic_energy_cube":1,"create_new_age:magnetite_block":11,"minecraft:dandelion":9,"minecraft:cornflower":1,"create:fluid_pipe":1,"create:mechanical_pump":1,"mekanism:pressure_disperser":25,"minecraft:warped_roots":322,"minecraft:tall_grass":60,"ars_nouveau:source_jar":2,"minecraft:deepslate_gold_ore":4,"minecraft:diorite":28,"minecraft:warped_wart_block":151,"create:mechanical_saw":7,"mekanism:pressurized_reaction_chamber":1,"byg:scoria_stone":273,"mekanismgenerators:turbine_rotor":4,"minecraft:birch_leaves":1,"create:mechanical_drill":5,"minecraft:sunflower":53,"byg:embur_gel_block":1,"minecraft:gravel":2,"mekanism:deepslate_fluorite_ore":17,"mekanism:deepslate_uranium_ore":1,"minecraft:oak_button":2,"mekanism:ultimate_logistical_transporter":3,"minecraft:oak_sapling":15,"mekanism:electrolytic_separator":8,"mekanism:structural_glass":88,"mekanism:chemical_infuser":5,"minecraft:grass_block":850,"mekanismgenerators:control_rod_assembly":9,"sophisticatedbackpacks:iron_backpack":9,"minecraft:soul_soil":36,"mekanism:rotary_condensentrator":3,"mekanismgenerators:fission_reactor_port":3,"minecraft:smooth_stone":7,"minecraft:glowstone":9,"minecraft:iron_ore":58,"mekanism:digital_miner":1,"minecraft:azure_bluet":1,"mekanismgenerators:rotational_complex":1,"mekanism:thermal_evaporation_valve":3,"mekanismgenerators:saturating_condenser":24,"mekanismgenerators:fission_reactor_casing":111,"mekanism:induction_casing":3,"minecraft:blackstone":46,"fluxnetworks:flux_point":8,"minecraft:calcite":28,"create:brass_casing":1,"minecraft:nether_quartz_ore":5,"minecraft:cobblestone":12,"minecraft:oak_planks":1,"minecraft:wall_torch":3,"minecraft:cauldron":5,"byg:wailing_bell_blossom":1,"minecraft:warped_nylium":1,"minecraft:powered_rail":1,"byg:warped_coral_block":2,"byg:subzero_ash_block":9,"minecraft:orange_tulip":1,"ironchest:obsidian_chest":1,"mekanism:deepslate_tin_ore":6,"minecraft:oak_log":132,"minecraft:dirt":663,"mekanism:basic_universal_cable":14,"minecraft:ancient_debris":5,"minecraft:netherrack":636,"minecraft:oak_leaves":283,"create:brass_funnel":1,"minecraft:nether_gold_ore":1,"minecraft:tuff":10,"minecraft:deepslate_diamond_ore":25,"mekanism:basic_mechanical_pipe":9,"mekanism:deepslate_osmium_ore":23,"mekanism:ultimate_universal_cable":20,"byg:blue_netherrack":233,"minecraft:carrots":1003,"minecraft:nether_sprouts":242,"mekanism:thermal_evaporation_controller":1,"minecraft:shroomlight":2,"minecraft:deepslate_iron_ore":8,"mekanismgenerators:turbine_casing":157,"minecraft:wet_sponge":2,"minecraft:stone":761,"minecraft:redstone_wall_torch":1,"mekanism:thermal_evaporation_block":59,"minecraft:basalt":256,"minecraft:crafting_table":1,"cookingforblockheads:sink":5,"fluxnetworks:flux_plug":5,"minecraft:redstone_torch":3,"minecraft:coal_ore":126,"byg:wailing_nylium":3,"create:mechanical_crafter":1,"mekanismgenerators:fission_fuel_assembly":65},"minecraft:custom":{"minecraft:interact_with_crafting_table":266,"minecraft:open_barrel":6,"minecraft:leave_game":11,"minecraft:time_since_death":2148673,"minecraft:play_time":2148673,"minecraft:jump":5629,"minecraft:interact_with_furnace":11,"minecraft:traded_with_villager":17,"minecraft:sleep_in_bed":36,"minecraft:waystone_activated":4,"minecraft:damage_dealt":27766,"minecraft:interact_with_smithing_table":2,"minecraft:sneak_time":57260,"minecraft:total_world_time":2148673,"minecraft:time_since_rest":70009,"minecraft:swim_one_cm":24041,"minecraft:fly_one_cm":2451263,"minecraft:open_chest":1485,"minecraft:fall_one_cm":348140,"minecraft:animals_bred":35,"minecraft:sprint_one_cm":4147720,"minecraft:drop":1206,"minecraft:talked_to_villager":4,"minecraft:walk_on_water_one_cm":28177,"minecraft:crouch_one_cm":166414,"minecraft:mob_kills":160,"minecraft:fill_cauldron":2,"minecraft:walk_one_cm":2629328,"minecraft:walk_under_water_one_cm":27701,"minecraft:damage_taken":7515},"minecraft:crafted":{"minecraft:cactus":1,"mekanism:digital_miner":1,"mekanism:ingot_osmium":612,"mekanism:electrolytic_separator":3,"waystones:waystone":1,"mekanism:advanced_energy_cube":2,"mekanism:logistical_sorter":2,"minecraft:bookshelf":8,"mekanismgenerators:turbine_valve":2,"minecraft:iron_bars":128,"mekanism:thermal_evaporation_controller":2,"minecraft:diamond_helmet":1,"mekanism:pressure_disperser":24,"minecraft:diamond_leggings":1,"minecraft:netherite_boots":1,"mekanism:block_raw_tin":15,"mekanism:chemical_dissolution_chamber":1,"mekanism:elite_universal_cable":64,"mekanism:rotary_condensentrator":2,"mekanism:elite_mechanical_pipe":64,"create:cogwheel":18,"mekanism:energy_tablet":63,"mekanism:block_charcoal":187,"minecraft:furnace_minecart":1,"minecraft:emerald":16,"mekanism:teleporter":2,"create:brass_block":4,"storagedrawers:oak_full_drawers_1":2,"minecraft:smithing_table":1,"mekanism:advanced_thermodynamic_conductor":64,"waystones:warp_stone":1,"mekanism:ingot_lead":414,"mekanism:advanced_pressurized_tube":64,"mekanism:teleportation_core":5,"mekanism:solar_neutron_activator":1,"minecraft:iron_block":88,"minecraft:gold_ingot":110,"mekanism:upgrade_gas":8,"create:large_cogwheel":15,"minecraft:netherite_ingot":4,"minecraft:composter":1,"mekanism:thermal_evaporation_valve":7,"mekanismgenerators:turbine_rotor":4,"mekanism:basic_logistical_transporter":64,"mekanism:advanced_universal_cable":64,"minecraft:iron_nugget":153,"mekanism:basic_chemical_tank":82,"minecraft:bone_meal":24,"mekanism:basic_pressurized_tube":64,"storagedrawers:emerald_storage_upgrade":8,"mekanism:robit":1,"minecraft:diamond_boots":1,"mekanismgenerators:saturating_condenser":24,"minecraft:redstone_block":36,"create:electron_tube":13,"mekanism:block_raw_osmium":25,"minecraft:wheat":63,"ironchest:gold_chest":4,"mekanism:advanced_induction_cell":1,"mekanismgenerators:control_rod_assembly":8,"minecraft:enchanting_table":1,"mekanismgenerators:turbine_vent":46,"mekanism:hazmat_mask":1,"mekanism:dynamic_tank":4,"mekanism:ultimate_control_circuit":14,"minecraft:deepslate_tiles":44,"mekanismgenerators:turbine_blade":8,"ironchest:obsidian_chest":3,"mekanismgenerators:rotational_complex":1,"minecraft:iron_leggings":1,"mekanism:advanced_mechanical_pipe":64,"mekanism:basic_mechanical_pipe":64,"mekanism:elite_logistical_transporter":64,"mekanismgenerators:reactor_glass":156,"minecraft:oak_planks":604,"mekanism:advanced_induction_provider":1,"createoreexcavation:vein_finder":1,"mekanism:block_raw_lead":29,"mekanism:electrolytic_core":4,"mekanismgenerators:gas_burning_generator":1,"mekanism:induction_port":2,"mekanism:gauge_dropper":1,"fluxnetworks:flux_point":1,"mekanismgenerators:turbine_casing":244,"create:deployer":12,"mekanism:basic_tier_installer":1,"minecraft:iron_boots":1,"mekanism:isotopic_centrifuge":1,"create:cart_assembler":1,"mekanismgenerators:fission_reactor_casing":128,"minecraft:comparator":4,"minecraft:chest":11,"minecraft:netherite_helmet":1,"create:spout":2,"minecraft:oak_button":4,"mekanism:basic_fluid_tank":2,"minecraft:rail":32,"storagedrawers:controller_slave":2,"mekanism:elite_control_circuit":35,"minecraft:ender_eye":5,"minecraft:stone_bricks":4,"mekanism:basic_induction_cell":4,"create:brass_hand":12,"fluxnetworks:flux_core":16,"minecraft:raw_iron_block":22,"mekanism:advanced_logistical_transporter":64,"create:depot":1,"minecraft:oak_slab":12,"mekanism:block_osmium":76,"mekanismgenerators:fission_reactor_port":4,"minecraft:cauldron":1,"mekanism:chemical_infuser":2,"create:mechanical_saw":24,"minecraft:iron_helmet":1,"mekanism:thermal_evaporation_block":108,"ironchest:diamond_chest":3,"mekanism:structural_glass":88,"minecraft:book":26,"minecraft:iron_chestplate":1,"minecraft:paper":60,"mekanism:steel_casing":65,"mekanism:crusher":1,"minecraft:stick":664,"minecraft:iron_ingot":1895,"mekanism:induction_casing":32,"mekanism:hazmat_gown":1,"mekanism:resistive_heater":1,"minecraft:redstone_torch":16,"mekanismgenerators:electromagnetic_coil":2,"minecraft:deepslate_bricks":44,"mekanism:elite_pressurized_tube":64,"minecraft:shears":1,"mekanism:block_lead":46,"mekanism:basic_universal_cable":64,"minecraft:redstone":99,"mekanismgenerators:wind_generator":1,"mekanism:pressurized_reaction_chamber":3,"minecraft:furnace":1,"mekanism:energized_smelter":1,"minecraft:piston":10,"mekanism:portable_teleporter":1,"mekanism:advanced_tier_installer":4,"mekanism:chemical_oxidizer":1,"minecraft:glass_pane":32,"mekanism:hazmat_boots":1,"minecraft:netherite_chestplate":1,"mekanism:elite_thermodynamic_conductor":64,"mekanism:teleporter_frame":18,"minecraft:netherite_leggings":1,"mekanism:basic_induction_provider":4,"minecraft:polished_deepslate":44,"minecraft:iron_hoe":1,"mekanism:geiger_counter":1,"mekanism:personal_chest":2,"minecraft:minecart":1,"storagedrawers:oak_trim":8,"minecraft:powered_rail":18,"minecraft:bucket":35,"mekanism:chemical_crystallizer":1,"mekanismgenerators:fission_fuel_assembly":64,"minecraft:air":0,"mekanism:basic_thermodynamic_conductor":64,"mekanism:upgrade_speed":24,"create:raw_zinc_block":11,"mekanism:hazmat_pants":1,"storagedrawers:compacting_drawers_3":4,"mekanism:block_raw_uranium":12,"mekanism:basic_energy_cube":10,"mekanism:enrichment_chamber":4,"mekanism:upgrade_energy":24,"mekanism:advanced_control_circuit":61,"mekanism:ultimate_tier_installer":4,"create:mechanical_drill":40,"minecraft:torch":416,"cookingforblockheads:sink":6,"mekanism:elite_tier_installer":4,"minecraft:clay":31,"minecraft:diamond_chestplate":1,"ironchest:iron_chest":1},"minecraft:dropped":{"byg:biomepedia":1,"occultism:datura_seeds":17,"minecraft:warped_roots":3,"ars_nouveau:earth_essence":2,"minecraft:dirt":2526,"minecraft:sunflower":56,"minecraft:phantom_membrane":4,"minecraft:sand":128,"byg:embur_gel_ball":4,"alexsmobs:raccoon_tail":1,"minecraft:bone":10,"create_new_age:thorium":46,"minecraft:iron_nugget":244,"alexsmobs:animal_dictionary":1,"minecraft:cobbled_deepslate":24274,"minecraft:wheat":173,"minecraft:obsidian":4,"minecraft:rotten_flesh":17,"create:asurine":57,"minecraft:azure_bluet":7,"create:limestone":436,"byg:warped_soul_sand":8,"byg:warped_coral_block":2,"minecraft:iron_ingot":43,"mekanism:dust_steel":4,"minecraft:wheat_seeds":95,"minecraft:feather":3,"minecraft:cobblestone":1911,"mekanism:basic_chemical_tank":107,"minecraft:granite":1105,"minecraft:coal":1,"minecraft:oxeye_daisy":6,"minecraft:string":1,"create:raw_zinc":8,"minecraft:soul_soil":30,"minecraft:iron_boots":1,"byg:blue_netherrack":39,"minecraft:spider_eye":1,"minecraft:bow":1,"minecraft:soul_sand":13,"minecraft:diamond_axe":1,"minecraft:oak_log":1551,"minecraft:flint":2784,"minecraft:cornflower":7,"byg:scoria_cobblestone":273,"minecraft:gravel":263,"minecraft:blackstone":3220,"byg:subzero_ash_block":3,"mekanism:basic_universal_cable":2,"minecraft:poppy":1,"minecraft:gunpowder":3,"create:wheat_flour":166,"minecraft:basalt":10119,"minecraft:arrow":8,"minecraft:quartz":31,"minecraft:netherrack":4088,"minecraft:grass_block":3,"ars_nouveau:worn_notebook":1,"minecraft:diorite":120,"minecraft:nether_gold_ore":47,"minecraft:torch":110,"byg:soapstone":2556,"minecraft:iron_leggings":1,"byg:green_mushroom":1,"minecraft:dandelion":46,"minecraft:smooth_basalt":242,"minecraft:redstone":16,"alexsmobs:maggot":4,"minecraft:raw_copper":289,"minecraft:tuff":6,"byg:travertine":84,"minecraft:oak_button":1,"minecraft:iron_chestplate":1,"minecraft:andesite":302,"minecraft:calcite":158}},"DataVersion":3120}