{"stats":{"minecraft:custom":{"minecraft:mob_kills":15,"minecraft:interact_with_crafting_table":21,"minecraft:leave_game":2,"minecraft:time_since_death":378783,"minecraft:sprint_one_cm":385464,"minecraft:walk_one_cm":274811,"minecraft:drop":84,"minecraft:talked_to_villager":1,"minecraft:play_time":378783,"minecraft:sneak_time":4413,"minecraft:walk_under_water_one_cm":21586,"minecraft:jump":746,"minecraft:walk_on_water_one_cm":9909,"minecraft:total_world_time":378783,"minecraft:interact_with_furnace":1,"minecraft:traded_with_villager":16,"minecraft:sleep_in_bed":4,"minecraft:time_since_rest":40299,"minecraft:damage_taken":1099,"minecraft:damage_dealt":2979,"minecraft:swim_one_cm":4175,"minecraft:fly_one_cm":220776,"minecraft:open_chest":160,"minecraft:crouch_one_cm":10644,"minecraft:fall_one_cm":58602},"minecraft:mined":{"create:zinc_ore":45,"fluxnetworks:flux_controller":1,"minecraft:deepslate_diamond_ore":4,"create:andesite_casing":29,"mekanism:deepslate_osmium_ore":2,"minecraft:granite":8,"minecraft:grass_block":8,"minecraft:oxeye_daisy":1,"create:shaft":2,"minecraft:iron_ore":52,"minecraft:fire":1,"storagedrawers:oak_trim":1,"minecraft:andesite":6,"minecraft:rail":1,"minecraft:stone":78,"mekanism:osmium_ore":32,"minecraft:redstone_block":2,"fluxnetworks:flux_point":1,"create_new_age:magnetite_block":11,"minecraft:dandelion":8,"minecraft:cornflower":1,"minecraft:torch":6,"minecraft:calcite":28,"mekanism:tin_ore":68,"minecraft:tall_grass":20,"minecraft:cobblestone":1,"minecraft:diorite":16,"byg:soapstone":50,"fluxnetworks:flux_plug":1,"create:mechanical_drill":5,"minecraft:grass":52,"mekanism:deepslate_tin_ore":6,"minecraft:coal_ore":86,"mekanism:lead_ore":3,"minecraft:dirt":75},"minecraft:killed":{"minecraft:spider":1,"minecraft:phantom":3,"minecraft:skeleton":3,"minecraft:bat":1,"minecraft:creeper":1,"minecraft:zombie":2,"alexsmobs:fly":1,"minecraft:enderman":2},"minecraft:picked_up":{"byg:soapstone":396,"minecraft:redstone_block":2,"minecraft:amethyst_block":106,"minecraft:cornflower":1,"minecraft:string":1,"minecraft:calcite":109,"minecraft:iron_nugget":390,"minecraft:phantom_membrane":2,"storagedrawers:oak_trim":1,"minecraft:raw_iron":115,"minecraft:torch":12,"create:andesite_casing":29,"minecraft:diorite":16,"mekanism:raw_tin":140,"fluxnetworks:flux_plug":1,"minecraft:rotten_flesh":2,"minecraft:rail":1,"minecraft:cobblestone":1281,"minecraft:oxeye_daisy":1,"occultism:datura_seeds":1,"mekanism:raw_lead":8,"minecraft:andesite":141,"create:raw_zinc":104,"minecraft:gunpowder":1,"minecraft:dirt":118,"fluxnetworks:flux_point":1,"minecraft:bone":2,"minecraft:wheat_seeds":29,"create:mechanical_drill":5,"create_new_age:magnetite_block":11,"fluxnetworks:flux_controller":1,"create:shaft":2,"minecraft:smooth_basalt":113,"minecraft:dandelion":8,"minecraft:gravel":7,"minecraft:amethyst_shard":6,"minecraft:grass_block":1,"minecraft:spider_eye":1,"mekanism:raw_osmium":77,"create:wheat_flour":99,"minecraft:diamond":10,"minecraft:granite":19,"alexsmobs:maggot":2,"minecraft:coal":206,"minecraft:ender_pearl":2},"minecraft:crafted":{"minecraft:oak_planks":356,"mekanism:basic_universal_cable":64,"minecraft:redstone":63,"minecraft:iron_nugget":90,"mekanism:ingot_osmium":9,"mekanism:energized_smelter":1,"mekanism:basic_pressurized_tube":64,"storagedrawers:emerald_storage_upgrade":5,"mekanism:basic_tier_installer":1,"mekanism:elite_thermodynamic_conductor":64,"mekanism:block_raw_tin":15,"minecraft:comparator":2,"mekanism:elite_universal_cable":64,"minecraft:chest":6,"mekanism:elite_mechanical_pipe":64,"storagedrawers:controller_slave":1,"mekanism:block_raw_osmium":8,"minecraft:wheat":63,"minecraft:raw_iron_block":12,"mekanism:advanced_logistical_transporter":64,"minecraft:emerald":16,"storagedrawers:oak_full_drawers_1":2,"mekanism:advanced_thermodynamic_conductor":64,"minecraft:bucket":8,"mekanism:advanced_pressurized_tube":64,"minecraft:air":0,"mekanism:basic_thermodynamic_conductor":64,"create:raw_zinc_block":11,"mekanism:steel_casing":1,"minecraft:stick":580,"minecraft:iron_ingot":514,"minecraft:iron_block":26,"mekanism:advanced_mechanical_pipe":64,"minecraft:gold_ingot":9,"mekanism:basic_mechanical_pipe":64,"create:mechanical_drill":29,"minecraft:redstone_torch":6,"mekanism:elite_logistical_transporter":64,"mekanism:elite_pressurized_tube":64,"minecraft:torch":128,"mekanism:advanced_universal_cable":64,"mekanism:basic_logistical_transporter":64},"minecraft:used":{"storagedrawers:oak_full_drawers_1":6,"create:deployer":1,"minecraft:flint_and_steel":1,"minecraft:torch":86,"fluxnetworks:flux_plug":1,"minecraft:dirt":10,"minecraft:granite":2,"minecraft:glass":2,"minecraft:lava_bucket":2,"create:wrench":7,"create:cart_assembler":1,"mekanism:basic_tier_installer":1,"minecraft:deepslate_diamond_ore":4,"mekanism:upgrade_energy":2,"create:shaft":8,"create:mechanical_drill":43,"create:belt_connector":2,"minecraft:calcite":15,"minecraft:water_bucket":2,"minecraft:diorite":16,"create:crushing_wheel":2,"fluxnetworks:flux_point":1,"minecraft:redstone_block":2,"minecraft:diamond_axe":29,"create:furnace_minecart_contraption":3,"fluxnetworks:flux_controller":1,"minecraft:rail":4,"create:brass_funnel":3,"minecraft:oak_log":29,"minecraft:diamond_pickaxe":332,"mekanism:atomic_disassembler":307,"create:mechanical_press":1,"minecraft:bread":26,"mekanism:upgrade_speed":2,"mekanism:energized_smelter":1,"storagedrawers:controller_slave":1,"byg:soapstone":77,"storagedrawers:quantify_key":4,"storagedrawers:oak_trim":7,"minecraft:cobblestone":25,"minecraft:cooked_porkchop":1,"minecraft:bucket":4,"minecraft:andesite":1,"alexsmobs:animal_dictionary":1,"create:vertical_gearbox":3},"minecraft:dropped":{"byg:biomepedia":1,"mekanism:dust_steel":4,"occultism:datura_seeds":1,"minecraft:wheat_seeds":29,"minecraft:cobblestone":1238,"minecraft:granite":17,"minecraft:grass_block":1,"minecraft:oxeye_daisy":1,"minecraft:dirt":94,"ars_nouveau:worn_notebook":1,"minecraft:cornflower":1,"byg:soapstone":252,"minecraft:phantom_membrane":2,"minecraft:sand":128,"minecraft:string":1,"minecraft:dandelion":8,"minecraft:smooth_basalt":113,"minecraft:bone":2,"minecraft:gravel":7,"alexsmobs:maggot":2,"minecraft:iron_nugget":116,"alexsmobs:animal_dictionary":1,"minecraft:wheat":63,"minecraft:rotten_flesh":2,"minecraft:gunpowder":1,"minecraft:andesite":174,"minecraft:spider_eye":1,"minecraft:calcite":30,"minecraft:quartz":24}},"DataVersion":3120}