{"stats":{"minecraft:custom":{"minecraft:interact_with_furnace":1,"minecraft:mob_kills":11,"minecraft:traded_with_villager":16,"minecraft:interact_with_crafting_table":9,"minecraft:leave_game":2,"minecraft:time_since_death":168783,"minecraft:sleep_in_bed":2,"minecraft:time_since_rest":59661,"minecraft:walk_one_cm":190563,"minecraft:sprint_one_cm":261775,"minecraft:damage_taken":678,"minecraft:drop":77,"minecraft:damage_dealt":2319,"minecraft:swim_one_cm":4175,"minecraft:talked_to_villager":1,"minecraft:fly_one_cm":167141,"minecraft:open_chest":81,"minecraft:crouch_one_cm":4569,"minecraft:play_time":168783,"minecraft:sneak_time":2056,"minecraft:walk_under_water_one_cm":20620,"minecraft:jump":548,"minecraft:walk_on_water_one_cm":5159,"minecraft:total_world_time":168783,"minecraft:fall_one_cm":40661},"minecraft:mined":{"create:zinc_ore":14,"minecraft:redstone_block":2,"mekanism:osmium_ore":18,"fluxnetworks:flux_controller":1,"minecraft:deepslate_diamond_ore":4,"fluxnetworks:flux_point":1,"create:andesite_casing":29,"create_new_age:magnetite_block":10,"minecraft:dandelion":8,"mekanism:deepslate_osmium_ore":2,"minecraft:cornflower":1,"minecraft:torch":6,"minecraft:granite":6,"minecraft:calcite":28,"minecraft:grass_block":8,"mekanism:tin_ore":13,"minecraft:tall_grass":20,"minecraft:diorite":16,"minecraft:oxeye_daisy":1,"byg:soapstone":50,"create:shaft":2,"fluxnetworks:flux_plug":1,"minecraft:iron_ore":14,"minecraft:andesite":3,"storagedrawers:oak_trim":1,"mekanism:deepslate_tin_ore":6,"minecraft:coal_ore":43,"create:mechanical_drill":5,"minecraft:grass":51,"minecraft:rail":1,"mekanism:lead_ore":3,"minecraft:dirt":75,"minecraft:stone":57},"minecraft:killed":{"minecraft:spider":1,"minecraft:bat":1,"minecraft:skeleton":3,"minecraft:zombie":2,"alexsmobs:fly":1,"minecraft:enderman":2},"minecraft:picked_up":{"occultism:datura_seeds":1,"byg:soapstone":396,"mekanism:raw_lead":5,"minecraft:redstone_block":2,"minecraft:andesite":138,"create:raw_zinc":31,"minecraft:amethyst_block":106,"minecraft:cornflower":1,"minecraft:string":1,"minecraft:dirt":116,"fluxnetworks:flux_point":1,"minecraft:bone":2,"minecraft:wheat_seeds":7,"create:mechanical_drill":5,"create_new_age:magnetite_block":10,"fluxnetworks:flux_controller":1,"minecraft:calcite":109,"create:shaft":2,"minecraft:smooth_basalt":113,"minecraft:raw_iron":34,"storagedrawers:oak_trim":1,"minecraft:torch":12,"create:andesite_casing":29,"minecraft:dandelion":8,"minecraft:gravel":7,"minecraft:amethyst_shard":6,"minecraft:diorite":16,"minecraft:grass_block":1,"mekanism:raw_tin":34,"mekanism:raw_osmium":47,"minecraft:spider_eye":1,"fluxnetworks:flux_plug":1,"minecraft:rotten_flesh":2,"minecraft:diamond":10,"minecraft:granite":17,"alexsmobs:maggot":2,"minecraft:coal":99,"minecraft:rail":1,"minecraft:oxeye_daisy":1,"minecraft:cobblestone":1261,"minecraft:ender_pearl":2},"minecraft:crafted":{"minecraft:oak_planks":348,"minecraft:redstone":18,"minecraft:emerald":16,"minecraft:iron_nugget":90,"storagedrawers:oak_full_drawers_1":2,"mekanism:energized_smelter":1,"minecraft:air":0,"storagedrawers:emerald_storage_upgrade":5,"mekanism:basic_tier_installer":1,"mekanism:steel_casing":1,"minecraft:stick":564,"minecraft:comparator":2,"minecraft:iron_ingot":45,"minecraft:chest":6,"minecraft:gold_ingot":9,"create:mechanical_drill":29,"minecraft:redstone_torch":6,"storagedrawers:controller_slave":1,"minecraft:torch":64},"minecraft:used":{"minecraft:calcite":15,"storagedrawers:oak_full_drawers_1":6,"minecraft:diorite":16,"create:deployer":1,"create:crushing_wheel":2,"fluxnetworks:flux_point":1,"minecraft:redstone_block":2,"minecraft:diamond_axe":29,"create:furnace_minecart_contraption":2,"minecraft:torch":77,"fluxnetworks:flux_controller":1,"fluxnetworks:flux_plug":1,"minecraft:dirt":10,"minecraft:rail":3,"create:brass_funnel":3,"minecraft:oak_log":29,"minecraft:glass":2,"minecraft:diamond_pickaxe":132,"mekanism:atomic_disassembler":294,"create:mechanical_press":1,"create:wrench":5,"minecraft:bread":17,"mekanism:upgrade_speed":1,"byg:soapstone":77,"storagedrawers:controller_slave":1,"mekanism:energized_smelter":1,"mekanism:basic_tier_installer":1,"storagedrawers:quantify_key":4,"minecraft:deepslate_diamond_ore":4,"storagedrawers:oak_trim":7,"minecraft:cobblestone":13,"create:shaft":8,"mekanism:upgrade_energy":1,"create:mechanical_drill":43,"minecraft:andesite":1,"alexsmobs:animal_dictionary":1,"create:vertical_gearbox":3,"create:belt_connector":2},"minecraft:dropped":{"minecraft:gravel":7,"byg:biomepedia":1,"mekanism:dust_steel":4,"alexsmobs:maggot":2,"occultism:datura_seeds":1,"minecraft:wheat_seeds":7,"minecraft:iron_nugget":116,"alexsmobs:animal_dictionary":1,"minecraft:cobblestone":1227,"minecraft:rotten_flesh":2,"minecraft:granite":17,"minecraft:grass_block":1,"minecraft:oxeye_daisy":1,"minecraft:dirt":92,"ars_nouveau:worn_notebook":1,"minecraft:cornflower":1,"byg:soapstone":252,"minecraft:andesite":174,"minecraft:spider_eye":1,"minecraft:sand":128,"minecraft:calcite":30,"minecraft:string":1,"minecraft:quartz":24,"minecraft:bone":2,"minecraft:smooth_basalt":113,"minecraft:dandelion":8}},"DataVersion":3120}