{"stats":{"minecraft:mined":{"minecraft:grass":15,"minecraft:grass_block":4,"minecraft:dirt":3,"minecraft:tall_grass":7},"minecraft:custom":{"minecraft:open_chest":15,"minecraft:time_since_rest":18783,"minecraft:play_time":18783,"minecraft:sprint_one_cm":21547,"minecraft:damage_taken":170,"minecraft:walk_one_cm":16438,"minecraft:sneak_time":59,"minecraft:walk_under_water_one_cm":1090,"minecraft:drop":7,"minecraft:jump":124,"minecraft:leave_game":2,"minecraft:walk_on_water_one_cm":635,"minecraft:time_since_death":18783,"minecraft:total_world_time":18783,"minecraft:swim_one_cm":1168,"minecraft:fall_one_cm":2926,"minecraft:fly_one_cm":55976},"minecraft:picked_up":{"minecraft:wheat_seeds":4,"minecraft:dirt":7,"minecraft:cobblestone":77},"minecraft:crafted":{"minecraft:oak_planks":4,"minecraft:stick":4},"minecraft:used":{"minecraft:glass":2,"minecraft:dirt":7,"create:shaft":7,"minecraft:bread":2,"alexsmobs:animal_dictionary":1,"create:belt_connector":2},"minecraft:dropped":{"byg:biomepedia":1,"ars_nouveau:worn_notebook":1,"minecraft:wheat_seeds":4,"alexsmobs:animal_dictionary":1}},"DataVersion":3120}