{"stats":{"minecraft:mined":{"minecraft:redstone_block":2,"mekanism:osmium_ore":2,"fluxnetworks:flux_controller":1,"minecraft:deepslate_diamond_ore":4,"fluxnetworks:flux_point":1,"create:andesite_casing":29,"minecraft:dandelion":8,"minecraft:cornflower":1,"minecraft:granite":6,"minecraft:calcite":24,"minecraft:grass_block":8,"minecraft:tall_grass":20,"minecraft:diorite":16,"minecraft:oxeye_daisy":1,"byg:soapstone":10,"create:shaft":2,"fluxnetworks:flux_plug":1,"storagedrawers:oak_trim":1,"minecraft:coal_ore":1,"create:mechanical_drill":5,"minecraft:grass":51,"mekanism:lead_ore":1,"minecraft:dirt":74,"minecraft:stone":46},"minecraft:custom":{"minecraft:interact_with_furnace":1,"minecraft:mob_kills":5,"minecraft:traded_with_villager":16,"minecraft:interact_with_crafting_table":9,"minecraft:leave_game":2,"minecraft:time_since_death":144783,"minecraft:sleep_in_bed":2,"minecraft:time_since_rest":35661,"minecraft:walk_one_cm":129682,"minecraft:sprint_one_cm":137883,"minecraft:damage_taken":502,"minecraft:drop":39,"minecraft:damage_dealt":951,"minecraft:swim_one_cm":1168,"minecraft:talked_to_villager":1,"minecraft:fly_one_cm":151023,"minecraft:open_chest":81,"minecraft:crouch_one_cm":2041,"minecraft:play_time":144783,"minecraft:sneak_time":1205,"minecraft:walk_under_water_one_cm":1090,"minecraft:jump":454,"minecraft:walk_on_water_one_cm":711,"minecraft:total_world_time":144783,"minecraft:fall_one_cm":35125},"minecraft:killed":{"minecraft:spider":1,"minecraft:skeleton":1,"minecraft:zombie":1,"alexsmobs:fly":1},"minecraft:picked_up":{"occultism:datura_seeds":1,"byg:soapstone":10,"mekanism:raw_lead":1,"minecraft:redstone_block":2,"minecraft:andesite":6,"minecraft:cornflower":1,"minecraft:string":1,"minecraft:dirt":81,"fluxnetworks:flux_point":1,"minecraft:wheat_seeds":7,"create:mechanical_drill":5,"fluxnetworks:flux_controller":1,"minecraft:calcite":24,"create:shaft":2,"storagedrawers:oak_trim":1,"minecraft:torch":2,"create:andesite_casing":29,"minecraft:dandelion":8,"minecraft:diorite":16,"minecraft:grass_block":1,"mekanism:raw_osmium":2,"minecraft:spider_eye":1,"fluxnetworks:flux_plug":1,"minecraft:rotten_flesh":2,"minecraft:diamond":10,"minecraft:granite":6,"alexsmobs:maggot":2,"minecraft:coal":1,"minecraft:oxeye_daisy":1,"minecraft:cobblestone":123,"minecraft:ender_pearl":1},"minecraft:crafted":{"minecraft:oak_planks":340,"minecraft:redstone":18,"minecraft:emerald":16,"minecraft:iron_nugget":90,"storagedrawers:oak_full_drawers_1":2,"mekanism:energized_smelter":1,"minecraft:air":0,"storagedrawers:emerald_storage_upgrade":5,"mekanism:basic_tier_installer":1,"mekanism:steel_casing":1,"minecraft:stick":548,"minecraft:comparator":2,"minecraft:iron_ingot":45,"minecraft:chest":6,"minecraft:gold_ingot":9,"create:mechanical_drill":29,"minecraft:redstone_torch":6,"storagedrawers:controller_slave":1},"minecraft:used":{"storagedrawers:oak_full_drawers_1":6,"create:deployer":1,"create:crushing_wheel":2,"fluxnetworks:flux_point":1,"minecraft:redstone_block":2,"minecraft:diamond_axe":29,"create:furnace_minecart_contraption":1,"minecraft:torch":2,"fluxnetworks:flux_controller":1,"fluxnetworks:flux_plug":1,"minecraft:dirt":8,"minecraft:rail":2,"create:brass_funnel":3,"minecraft:oak_log":29,"minecraft:glass":2,"minecraft:diamond_pickaxe":5,"mekanism:atomic_disassembler":228,"create:mechanical_press":1,"create:wrench":3,"minecraft:bread":11,"mekanism:upgrade_speed":1,"storagedrawers:controller_slave":1,"mekanism:energized_smelter":1,"mekanism:basic_tier_installer":1,"storagedrawers:quantify_key":4,"minecraft:deepslate_diamond_ore":4,"storagedrawers:oak_trim":7,"minecraft:cobblestone":6,"create:shaft":8,"mekanism:upgrade_energy":1,"create:mechanical_drill":43,"alexsmobs:animal_dictionary":1,"create:vertical_gearbox":3,"create:belt_connector":2},"minecraft:dropped":{"byg:biomepedia":1,"mekanism:dust_steel":4,"alexsmobs:maggot":2,"occultism:datura_seeds":1,"minecraft:wheat_seeds":7,"minecraft:iron_nugget":116,"alexsmobs:animal_dictionary":1,"minecraft:cobblestone":44,"minecraft:rotten_flesh":2,"minecraft:granite":6,"minecraft:grass_block":1,"minecraft:oxeye_daisy":1,"minecraft:dirt":59,"ars_nouveau:worn_notebook":1,"minecraft:cornflower":1,"minecraft:andesite":122,"minecraft:spider_eye":1,"minecraft:sand":128,"minecraft:string":1,"minecraft:quartz":24,"minecraft:dandelion":8}},"DataVersion":3120}