{"stats":{"minecraft:mined":{"mekanism:osmium_ore":2,"create:shaft":2,"fluxnetworks:flux_controller":1,"fluxnetworks:flux_plug":1,"fluxnetworks:flux_point":1,"storagedrawers:oak_trim":1,"minecraft:cornflower":1,"minecraft:grass":44,"minecraft:grass_block":5,"minecraft:dirt":16,"minecraft:tall_grass":9,"minecraft:stone":7},"minecraft:custom":{"minecraft:time_since_rest":42783,"minecraft:interact_with_furnace":1,"minecraft:sprint_one_cm":55755,"minecraft:damage_taken":310,"minecraft:walk_one_cm":49460,"minecraft:mob_kills":1,"minecraft:drop":14,"minecraft:damage_dealt":20,"minecraft:interact_with_crafting_table":3,"minecraft:swim_one_cm":1168,"minecraft:fly_one_cm":88971,"minecraft:open_chest":39,"minecraft:crouch_one_cm":813,"minecraft:play_time":42783,"minecraft:sneak_time":677,"minecraft:walk_under_water_one_cm":1090,"minecraft:jump":260,"minecraft:leave_game":2,"minecraft:time_since_death":42783,"minecraft:walk_on_water_one_cm":639,"minecraft:total_world_time":42783,"minecraft:fall_one_cm":18889},"minecraft:killed":{"alexsmobs:fly":1},"minecraft:picked_up":{"occultism:datura_seeds":1,"storagedrawers:oak_trim":1,"minecraft:cornflower":1,"mekanism:raw_osmium":2,"minecraft:dirt":21,"fluxnetworks:flux_plug":1,"fluxnetworks:flux_point":1,"minecraft:wheat_seeds":7,"fluxnetworks:flux_controller":1,"create:shaft":2,"alexsmobs:maggot":2,"minecraft:cobblestone":84},"minecraft:crafted":{"minecraft:oak_planks":64,"minecraft:stick":4,"minecraft:comparator":2,"minecraft:chest":6,"storagedrawers:oak_full_drawers_1":2,"minecraft:redstone_torch":6,"storagedrawers:controller_slave":1},"minecraft:used":{"minecraft:glass":2,"storagedrawers:oak_full_drawers_1":6,"mekanism:atomic_disassembler":30,"create:crushing_wheel":2,"fluxnetworks:flux_point":1,"minecraft:bread":5,"storagedrawers:controller_slave":1,"storagedrawers:quantify_key":4,"storagedrawers:oak_trim":7,"minecraft:torch":1,"fluxnetworks:flux_controller":1,"fluxnetworks:flux_plug":1,"minecraft:dirt":7,"create:brass_funnel":3,"create:shaft":8,"alexsmobs:animal_dictionary":1,"create:vertical_gearbox":3,"create:belt_connector":2},"minecraft:dropped":{"byg:biomepedia":1,"occultism:datura_seeds":1,"ars_nouveau:worn_notebook":1,"alexsmobs:maggot":2,"minecraft:wheat_seeds":7,"alexsmobs:animal_dictionary":1,"minecraft:cornflower":1,"minecraft:cobblestone":11,"minecraft:quartz":24}},"DataVersion":3120}