{"stats":{"minecraft:picked_up":{"minecraft:wheat":112,"minecraft:redstone_block":3,"mekanism:electrolytic_separator":7,"minecraft:amethyst_block":106,"minecraft:string":1,"mekanism:basic_universal_cable":10,"mekanism:ultimate_mechanical_pipe":16,"minecraft:calcite":109,"minecraft:stick":47,"byg:green_mushroom":1,"minecraft:torch":140,"create:andesite_casing":29,"minecraft:diorite":16,"mekanism:raw_tin":140,"minecraft:black_dye":2,"fluxnetworks:flux_plug":2,"mekanism:ultimate_universal_cable":19,"minecraft:rotten_flesh":4,"byg:embur_gel_ball":4,"minecraft:obsidian":1,"byg:quartzite_sand":3,"minecraft:cobblestone":1748,"occultism:datura_seeds":9,"minecraft:andesite":141,"create:raw_zinc":163,"minecraft:dirt":633,"minecraft:bone":4,"minecraft:wheat_seeds":358,"create:mechanical_drill":5,"create_new_age:magnetite_block":11,"create:shaft":2,"minecraft:bamboo":53,"minecraft:oak_planks":1,"mekanism:chemical_infuser":5,"sophisticatedbackpacks:iron_backpack":9,"mekanism:resistive_heater":1,"minecraft:grass_block":3,"minecraft:barrel":1,"minecraft:diamond":10,"minecraft:granite":19,"minecraft:bone_meal":92,"minecraft:bread":1,"alexsmobs:maggot":4,"minecraft:oak_sapling":84,"fluxnetworks:flux_dust":16,"minecraft:charcoal":335,"byg:soapstone":396,"create_new_age:thorium":5,"minecraft:azure_bluet":5,"mekanism:thermal_evaporation_controller":1,"minecraft:cornflower":7,"mekanism:pressurized_reaction_chamber":1,"create:chute":1,"minecraft:iron_nugget":390,"minecraft:poppy":1,"minecraft:sugar_cane":16,"minecraft:phantom_membrane":2,"storagedrawers:oak_trim":1,"minecraft:raw_iron":125,"create:hand_crank":2,"minecraft:carrot":403,"mekanism:thermal_evaporation_block":49,"mekanism:crusher":1,"minecraft:arrow":3,"mekanism:ultimate_logistical_transporter":3,"minecraft:rail":1,"minecraft:oxeye_daisy":4,"mekanism:raw_lead":8,"mekanismgenerators:gas_burning_generator":1,"minecraft:oak_log":400,"minecraft:gunpowder":1,"fluxnetworks:flux_point":5,"mekanism:enrichment_chamber":1,"minecraft:apple":5,"fluxnetworks:flux_controller":1,"create:mechanical_saw":1,"minecraft:smooth_basalt":113,"mekanism:ultimate_pressurized_tube":2,"minecraft:dandelion":43,"mekanism:thermal_evaporation_valve":3,"minecraft:gravel":7,"minecraft:amethyst_shard":6,"minecraft:spider_eye":1,"mekanism:raw_osmium":77,"create:wheat_flour":99,"mekanismgenerators:wind_generator":2,"cookingforblockheads:sink":2,"minecraft:coal":255,"minecraft:sunflower":8,"minecraft:ender_pearl":4},"minecraft:mined":{"mekanismgenerators:wind_generator":2,"minecraft:oak_sapling":2,"byg:green_mushroom_block":1,"mekanism:electrolytic_separator":7,"create:andesite_casing":29,"minecraft:obsidian":1,"minecraft:granite":8,"mekanism:chemical_infuser":5,"minecraft:grass_block":361,"sophisticatedbackpacks:iron_backpack":9,"minecraft:oxeye_daisy":1,"minecraft:iron_ore":55,"minecraft:fire":1,"minecraft:barrel":1,"byg:quartzite_sand":3,"mekanism:thermal_evaporation_valve":3,"mekanism:osmium_ore":32,"fluxnetworks:flux_point":5,"mekanism:enrichment_chamber":1,"minecraft:torch":10,"mekanism:ultimate_pressurized_tube":2,"minecraft:calcite":28,"mekanism:tin_ore":68,"minecraft:cobblestone":4,"minecraft:sugar_cane":8,"minecraft:oak_planks":1,"byg:soapstone":50,"minecraft:wheat":112,"minecraft:grass":68,"mekanism:deepslate_tin_ore":6,"minecraft:oak_log":18,"mekanism:lead_ore":3,"create:hand_crank":1,"minecraft:dirt":239,"mekanism:basic_universal_cable":8,"minecraft:oak_leaves":2,"create:zinc_ore":71,"fluxnetworks:flux_controller":1,"minecraft:deepslate_diamond_ore":4,"mekanism:deepslate_osmium_ore":2,"create_new_age:thorium_ore":1,"mekanism:resistive_heater":1,"mekanism:ultimate_universal_cable":19,"create:shaft":2,"minecraft:carrots":74,"storagedrawers:oak_trim":1,"mekanism:ultimate_mechanical_pipe":16,"minecraft:andesite":6,"mekanism:thermal_evaporation_controller":1,"mekanismgenerators:gas_burning_generator":1,"minecraft:rail":1,"create:chute":1,"minecraft:bamboo":4,"minecraft:stone":541,"mekanism:crusher":1,"minecraft:redstone_block":3,"mekanism:thermal_evaporation_block":49,"create_new_age:magnetite_block":11,"minecraft:dandelion":8,"minecraft:cornflower":1,"minecraft:tall_grass":22,"minecraft:diorite":16,"create:mechanical_saw":1,"cookingforblockheads:sink":2,"mekanism:pressurized_reaction_chamber":1,"fluxnetworks:flux_plug":2,"create:mechanical_drill":5,"minecraft:coal_ore":108,"minecraft:sunflower":3,"byg:embur_gel_block":1,"mekanism:ultimate_logistical_transporter":3},"minecraft:dropped":{"byg:biomepedia":1,"occultism:datura_seeds":9,"minecraft:oak_log":399,"minecraft:dirt":94,"minecraft:cornflower":7,"minecraft:sunflower":8,"minecraft:phantom_membrane":2,"minecraft:sand":128,"byg:embur_gel_ball":4,"minecraft:bone":4,"minecraft:gravel":7,"minecraft:iron_nugget":116,"alexsmobs:animal_dictionary":1,"minecraft:wheat":63,"minecraft:rotten_flesh":4,"minecraft:azure_bluet":5,"mekanism:basic_universal_cable":2,"minecraft:poppy":1,"minecraft:gunpowder":1,"minecraft:quartz":24,"mekanism:dust_steel":4,"minecraft:wheat_seeds":62,"minecraft:cobblestone":1241,"minecraft:granite":17,"minecraft:grass_block":2,"minecraft:coal":1,"minecraft:oxeye_daisy":4,"ars_nouveau:worn_notebook":1,"minecraft:torch":110,"byg:soapstone":252,"byg:green_mushroom":1,"minecraft:string":1,"minecraft:dandelion":42,"minecraft:smooth_basalt":113,"minecraft:redstone":16,"alexsmobs:maggot":4,"minecraft:andesite":174,"minecraft:spider_eye":1,"minecraft:calcite":158},"minecraft:killed":{"minecraft:spider":1,"minecraft:skeleton":4,"mekanismadditions:baby_enderman":1,"minecraft:creeper":3,"minecraft:zombie":5,"alexsmobs:fly":2,"minecraft:phantom":3,"mekanismadditions:baby_skeleton":1,"minecraft:bat":1,"alexsmobs:cockroach":1,"minecraft:enderman":4},"minecraft:custom":{"minecraft:interact_with_crafting_table":61,"minecraft:open_barrel":3,"minecraft:leave_game":4,"minecraft:time_since_death":708812,"minecraft:sprint_one_cm":1142016,"minecraft:drop":136,"minecraft:talked_to_villager":1,"minecraft:play_time":708812,"minecraft:jump":1526,"minecraft:walk_on_water_one_cm":10702,"minecraft:interact_with_furnace":2,"minecraft:traded_with_villager":16,"minecraft:sleep_in_bed":10,"minecraft:damage_dealt":5639,"minecraft:crouch_one_cm":26497,"minecraft:mob_kills":27,"minecraft:walk_one_cm":724608,"minecraft:sneak_time":9693,"minecraft:walk_under_water_one_cm":21586,"minecraft:total_world_time":708812,"minecraft:time_since_rest":35927,"minecraft:damage_taken":1976,"minecraft:swim_one_cm":4175,"minecraft:fly_one_cm":586068,"minecraft:open_chest":342,"minecraft:fall_one_cm":116161},"minecraft:crafted":{"minecraft:oak_planks":372,"mekanism:ingot_osmium":18,"mekanism:electrolytic_separator":3,"mekanism:electrolytic_core":4,"mekanismgenerators:gas_burning_generator":1,"mekanism:gauge_dropper":1,"fluxnetworks:flux_point":1,"mekanism:basic_tier_installer":1,"mekanism:thermal_evaporation_controller":1,"mekanism:block_raw_tin":15,"mekanism:isotopic_centrifuge":1,"mekanism:chemical_dissolution_chamber":1,"minecraft:comparator":2,"mekanism:elite_universal_cable":64,"minecraft:chest":8,"mekanism:rotary_condensentrator":1,"mekanism:basic_fluid_tank":1,"mekanism:elite_mechanical_pipe":64,"storagedrawers:controller_slave":1,"mekanism:elite_control_circuit":4,"minecraft:ender_eye":4,"mekanism:energy_tablet":4,"fluxnetworks:flux_core":16,"minecraft:raw_iron_block":12,"mekanism:advanced_logistical_transporter":64,"mekanism:block_charcoal":37,"minecraft:emerald":16,"mekanism:chemical_infuser":2,"storagedrawers:oak_full_drawers_1":2,"mekanism:advanced_thermodynamic_conductor":64,"mekanism:thermal_evaporation_block":52,"mekanism:advanced_pressurized_tube":64,"mekanism:steel_casing":13,"minecraft:stick":588,"mekanism:crusher":1,"minecraft:iron_ingot":658,"mekanism:hazmat_gown":1,"minecraft:iron_block":32,"mekanism:resistive_heater":1,"minecraft:gold_ingot":18,"minecraft:redstone_torch":6,"mekanism:thermal_evaporation_valve":3,"mekanism:elite_pressurized_tube":64,"mekanism:advanced_universal_cable":64,"mekanism:basic_logistical_transporter":64,"mekanism:basic_universal_cable":64,"minecraft:redstone":99,"mekanismgenerators:wind_generator":1,"minecraft:iron_nugget":90,"mekanism:pressurized_reaction_chamber":3,"mekanism:basic_chemical_tank":17,"mekanism:energized_smelter":1,"minecraft:glass_pane":32,"mekanism:basic_pressurized_tube":64,"mekanism:chemical_oxidizer":1,"storagedrawers:emerald_storage_upgrade":5,"mekanism:hazmat_boots":1,"mekanism:elite_thermodynamic_conductor":64,"minecraft:iron_hoe":1,"mekanism:personal_chest":1,"mekanism:block_raw_osmium":8,"minecraft:wheat":63,"mekanism:hazmat_mask":1,"mekanism:dynamic_tank":4,"mekanism:ultimate_control_circuit":4,"minecraft:bucket":10,"minecraft:air":0,"mekanism:basic_thermodynamic_conductor":64,"create:raw_zinc_block":11,"mekanism:hazmat_pants":1,"mekanism:block_raw_uranium":12,"mekanism:enrichment_chamber":4,"mekanism:advanced_mechanical_pipe":64,"mekanism:advanced_control_circuit":9,"mekanism:basic_mechanical_pipe":64,"create:mechanical_drill":29,"mekanism:elite_logistical_transporter":64,"minecraft:torch":128,"cookingforblockheads:sink":3,"minecraft:clay":15},"minecraft:used":{"create:deployer":1,"fluxnetworks:flux_plug":2,"mekanism:ultimate_pressurized_tube":4,"minecraft:carrot":257,"mekanism:basic_universal_cable":1,"minecraft:obsidian":2,"minecraft:glass":2,"minecraft:lava_bucket":3,"minecraft:grass_block":1,"mekanismgenerators:wind_generator":3,"mekanism:basic_tier_installer":1,"minecraft:deepslate_diamond_ore":4,"create:shaft":8,"minecraft:oak_sapling":50,"create:mechanical_drill":43,"mekanismgenerators:gas_burning_generator":2,"mekanism:ultimate_mechanical_pipe":20,"minecraft:diorite":16,"create:crushing_wheel":2,"minecraft:oak_planks":1,"minecraft:redstone_block":3,"minecraft:diamond_axe":29,"create:mechanical_saw":8,"mekanism:chemical_dissolution_chamber":1,"byg:quartzite_sand":3,"mekanism:crusher":2,"minecraft:bread":59,"mekanism:upgrade_speed":2,"mekanism:thermal_evaporation_controller":1,"mekanism:rotary_condensentrator":1,"storagedrawers:quantify_key":5,"storagedrawers:oak_trim":7,"mekanism:ultimate_logistical_transporter":4,"minecraft:andesite":1,"create:vertical_gearbox":3,"minecraft:bone_meal":117,"cookingforblockheads:sink":5,"storagedrawers:oak_full_drawers_1":6,"sophisticatedbackpacks:iron_backpack":9,"mekanism:enrichment_chamber":2,"minecraft:flint_and_steel":1,"mekanism:configurator":32,"minecraft:torch":176,"minecraft:dirt":484,"minecraft:granite":2,"create:chute":3,"minecraft:iron_hoe":71,"mekanism:chemical_oxidizer":1,"create:wrench":24,"create:cart_assembler":2,"minecraft:barrel":1,"mekanism:upgrade_energy":2,"mekanism:electrolytic_separator":9,"mekanism:pressurized_reaction_chamber":4,"create:belt_connector":2,"minecraft:calcite":15,"minecraft:water_bucket":4,"mekanism:isotopic_centrifuge":1,"fluxnetworks:flux_point":6,"mekanism:ultimate_universal_cable":41,"mekanism:chemical_infuser":6,"create:furnace_minecart_contraption":7,"fluxnetworks:flux_controller":1,"minecraft:rail":12,"create:brass_funnel":3,"mekanism:thermal_evaporation_valve":3,"minecraft:oak_log":30,"mekanism:basic_chemical_tank":2,"minecraft:diamond_pickaxe":460,"mekanism:atomic_disassembler":1488,"create:mechanical_press":1,"storagedrawers:controller_slave":1,"mekanism:energized_smelter":1,"byg:soapstone":77,"minecraft:cobblestone":39,"minecraft:cooked_porkchop":2,"minecraft:bucket":9,"alexsmobs:animal_dictionary":1,"create:hand_crank":8,"mekanism:thermal_evaporation_block":49,"minecraft:dandelion":1,"mekanism:resistive_heater":1}},"DataVersion":3120}