{"stats":{"minecraft:used":{"cookingforblockheads:sink":4,"storagedrawers:oak_full_drawers_1":6,"create:deployer":1,"sophisticatedbackpacks:iron_backpack":8,"minecraft:flint_and_steel":1,"mekanism:configurator":30,"minecraft:torch":156,"fluxnetworks:flux_plug":2,"minecraft:dirt":441,"mekanism:ultimate_pressurized_tube":2,"minecraft:carrot":152,"mekanism:basic_universal_cable":1,"minecraft:granite":2,"minecraft:obsidian":2,"create:chute":1,"minecraft:glass":2,"minecraft:lava_bucket":2,"create:wrench":24,"minecraft:grass_block":1,"mekanismgenerators:wind_generator":3,"create:cart_assembler":1,"mekanism:basic_tier_installer":1,"minecraft:deepslate_diamond_ore":4,"mekanism:upgrade_energy":2,"create:shaft":8,"create:mechanical_drill":43,"mekanismgenerators:gas_burning_generator":2,"mekanism:pressurized_reaction_chamber":2,"mekanism:electrolytic_separator":5,"create:belt_connector":2,"mekanism:ultimate_mechanical_pipe":18,"minecraft:calcite":15,"minecraft:water_bucket":3,"minecraft:diorite":16,"create:crushing_wheel":2,"fluxnetworks:flux_point":6,"mekanism:ultimate_universal_cable":29,"minecraft:oak_planks":1,"minecraft:redstone_block":3,"minecraft:diamond_axe":29,"create:furnace_minecart_contraption":6,"fluxnetworks:flux_controller":1,"minecraft:rail":11,"create:brass_funnel":3,"byg:quartzite_sand":3,"mekanism:thermal_evaporation_valve":3,"minecraft:oak_log":29,"mekanism:crusher":2,"minecraft:diamond_pickaxe":426,"mekanism:atomic_disassembler":1102,"create:mechanical_press":1,"minecraft:bread":48,"mekanism:upgrade_speed":2,"mekanism:thermal_evaporation_controller":1,"mekanism:energized_smelter":1,"storagedrawers:controller_slave":1,"byg:soapstone":77,"storagedrawers:quantify_key":5,"storagedrawers:oak_trim":7,"mekanism:ultimate_logistical_transporter":2,"minecraft:cobblestone":39,"minecraft:cooked_porkchop":2,"minecraft:bucket":8,"minecraft:andesite":1,"alexsmobs:animal_dictionary":1,"mekanism:thermal_evaporation_block":49,"create:vertical_gearbox":3,"minecraft:dandelion":1,"minecraft:bone_meal":85,"mekanism:resistive_heater":1},"minecraft:custom":{"minecraft:mob_kills":24,"minecraft:interact_with_crafting_table":52,"minecraft:leave_game":3,"minecraft:time_since_death":588679,"minecraft:sprint_one_cm":850084,"minecraft:walk_one_cm":564008,"minecraft:drop":120,"minecraft:talked_to_villager":1,"minecraft:play_time":588679,"minecraft:sneak_time":8531,"minecraft:walk_under_water_one_cm":21586,"minecraft:jump":1321,"minecraft:walk_on_water_one_cm":10527,"minecraft:total_world_time":588679,"minecraft:interact_with_furnace":2,"minecraft:traded_with_villager":16,"minecraft:sleep_in_bed":6,"minecraft:time_since_rest":64983,"minecraft:damage_taken":1846,"minecraft:damage_dealt":5159,"minecraft:swim_one_cm":4175,"minecraft:fly_one_cm":521944,"minecraft:open_chest":279,"minecraft:crouch_one_cm":22937,"minecraft:fall_one_cm":103830},"minecraft:picked_up":{"fluxnetworks:flux_dust":16,"create_new_age:thorium":5,"minecraft:wheat":112,"byg:soapstone":396,"mekanism:electrolytic_separator":2,"minecraft:azure_bluet":5,"minecraft:redstone_block":3,"minecraft:amethyst_block":106,"minecraft:cornflower":6,"minecraft:string":1,"mekanism:pressurized_reaction_chamber":1,"mekanism:basic_universal_cable":10,"mekanism:ultimate_mechanical_pipe":2,"minecraft:calcite":109,"minecraft:iron_nugget":390,"minecraft:poppy":1,"minecraft:sugar_cane":16,"minecraft:phantom_membrane":2,"storagedrawers:oak_trim":1,"minecraft:raw_iron":125,"byg:green_mushroom":1,"minecraft:torch":137,"create:andesite_casing":29,"minecraft:diorite":16,"minecraft:carrot":221,"mekanism:thermal_evaporation_block":17,"mekanism:raw_tin":140,"mekanism:crusher":1,"fluxnetworks:flux_plug":2,"mekanism:ultimate_universal_cable":2,"minecraft:arrow":3,"minecraft:rotten_flesh":4,"mekanism:ultimate_logistical_transporter":2,"byg:embur_gel_ball":4,"byg:quartzite_sand":3,"minecraft:obsidian":1,"minecraft:rail":1,"minecraft:cobblestone":1748,"minecraft:oxeye_daisy":4,"occultism:datura_seeds":9,"mekanism:raw_lead":8,"minecraft:andesite":141,"mekanismgenerators:gas_burning_generator":1,"create:raw_zinc":163,"minecraft:gunpowder":1,"minecraft:dirt":355,"fluxnetworks:flux_point":5,"minecraft:bone":4,"minecraft:wheat_seeds":354,"create:mechanical_drill":5,"create_new_age:magnetite_block":11,"fluxnetworks:flux_controller":1,"create:shaft":2,"minecraft:bamboo":53,"minecraft:oak_planks":1,"minecraft:smooth_basalt":113,"mekanism:ultimate_pressurized_tube":1,"minecraft:dandelion":35,"minecraft:gravel":7,"minecraft:amethyst_shard":6,"sophisticatedbackpacks:iron_backpack":8,"minecraft:grass_block":2,"mekanismgenerators:wind_generator":2,"mekanism:raw_osmium":77,"minecraft:spider_eye":1,"create:wheat_flour":99,"cookingforblockheads:sink":1,"minecraft:diamond":10,"minecraft:granite":19,"minecraft:bone_meal":44,"minecraft:bread":1,"alexsmobs:maggot":2,"minecraft:coal":255,"minecraft:ender_pearl":3,"minecraft:sunflower":7},"minecraft:killed":{"minecraft:spider":1,"minecraft:phantom":3,"minecraft:skeleton":4,"mekanismadditions:baby_skeleton":1,"mekanismadditions:baby_enderman":1,"minecraft:bat":1,"minecraft:creeper":3,"minecraft:zombie":5,"alexsmobs:fly":1,"minecraft:enderman":3},"minecraft:mined":{"create:zinc_ore":71,"fluxnetworks:flux_controller":1,"byg:green_mushroom_block":1,"minecraft:deepslate_diamond_ore":4,"mekanism:electrolytic_separator":2,"create:andesite_casing":29,"minecraft:obsidian":1,"mekanism:deepslate_osmium_ore":2,"minecraft:granite":8,"minecraft:grass_block":217,"sophisticatedbackpacks:iron_backpack":8,"create_new_age:thorium_ore":1,"minecraft:oxeye_daisy":1,"mekanism:ultimate_universal_cable":2,"create:shaft":2,"minecraft:carrots":40,"minecraft:iron_ore":55,"minecraft:fire":1,"mekanism:ultimate_mechanical_pipe":2,"storagedrawers:oak_trim":1,"minecraft:andesite":6,"byg:quartzite_sand":3,"mekanismgenerators:gas_burning_generator":1,"minecraft:rail":1,"minecraft:bamboo":4,"minecraft:stone":541,"mekanism:crusher":1,"minecraft:redstone_block":3,"mekanism:osmium_ore":32,"fluxnetworks:flux_point":5,"mekanism:thermal_evaporation_block":17,"create_new_age:magnetite_block":11,"minecraft:dandelion":8,"minecraft:cornflower":1,"minecraft:torch":9,"mekanism:ultimate_pressurized_tube":1,"minecraft:calcite":28,"mekanism:tin_ore":68,"minecraft:tall_grass":22,"minecraft:cobblestone":4,"minecraft:oak_planks":1,"minecraft:sugar_cane":8,"minecraft:diorite":16,"cookingforblockheads:sink":1,"byg:soapstone":50,"mekanism:pressurized_reaction_chamber":1,"fluxnetworks:flux_plug":2,"minecraft:wheat":112,"create:mechanical_drill":5,"minecraft:grass":59,"mekanism:deepslate_tin_ore":6,"minecraft:coal_ore":108,"mekanism:lead_ore":3,"byg:embur_gel_block":1,"minecraft:sunflower":1,"minecraft:dirt":104,"mekanism:ultimate_logistical_transporter":2,"mekanism:basic_universal_cable":8,"minecraft:oak_leaves":1,"mekanismgenerators:wind_generator":2},"minecraft:crafted":{"minecraft:oak_planks":356,"mekanism:basic_universal_cable":64,"minecraft:redstone":99,"mekanismgenerators:wind_generator":1,"minecraft:iron_nugget":90,"mekanism:ingot_osmium":18,"mekanism:pressurized_reaction_chamber":1,"mekanism:basic_chemical_tank":4,"mekanism:electrolytic_separator":3,"mekanism:electrolytic_core":4,"mekanismgenerators:gas_burning_generator":1,"mekanism:energized_smelter":1,"fluxnetworks:flux_point":1,"minecraft:glass_pane":16,"mekanism:basic_pressurized_tube":64,"storagedrawers:emerald_storage_upgrade":5,"mekanism:basic_tier_installer":1,"mekanism:elite_thermodynamic_conductor":64,"mekanism:thermal_evaporation_controller":1,"mekanism:block_raw_tin":15,"minecraft:comparator":2,"mekanism:elite_universal_cable":64,"minecraft:chest":6,"mekanism:elite_mechanical_pipe":64,"storagedrawers:controller_slave":1,"minecraft:ender_eye":4,"mekanism:energy_tablet":3,"fluxnetworks:flux_core":16,"mekanism:block_raw_osmium":8,"minecraft:raw_iron_block":12,"minecraft:wheat":63,"mekanism:advanced_logistical_transporter":64,"minecraft:emerald":16,"mekanism:dynamic_tank":4,"storagedrawers:oak_full_drawers_1":2,"mekanism:advanced_thermodynamic_conductor":64,"minecraft:bucket":10,"mekanism:thermal_evaporation_block":52,"mekanism:advanced_pressurized_tube":64,"minecraft:air":0,"mekanism:basic_thermodynamic_conductor":64,"create:raw_zinc_block":11,"mekanism:steel_casing":7,"mekanism:enrichment_chamber":1,"minecraft:stick":580,"mekanism:crusher":1,"minecraft:iron_ingot":658,"mekanism:resistive_heater":1,"mekanism:advanced_control_circuit":5,"minecraft:iron_block":32,"minecraft:gold_ingot":18,"mekanism:advanced_mechanical_pipe":64,"mekanism:basic_mechanical_pipe":64,"create:mechanical_drill":29,"minecraft:redstone_torch":6,"mekanism:thermal_evaporation_valve":3,"mekanism:elite_logistical_transporter":64,"minecraft:torch":128,"mekanism:elite_pressurized_tube":64,"cookingforblockheads:sink":3,"mekanism:basic_logistical_transporter":64,"mekanism:advanced_universal_cable":64,"minecraft:clay":15},"minecraft:dropped":{"byg:biomepedia":1,"mekanism:dust_steel":4,"occultism:datura_seeds":9,"minecraft:wheat_seeds":58,"minecraft:cobblestone":1241,"minecraft:granite":17,"minecraft:grass_block":1,"minecraft:oxeye_daisy":4,"minecraft:dirt":94,"ars_nouveau:worn_notebook":1,"minecraft:torch":110,"minecraft:cornflower":6,"byg:soapstone":252,"minecraft:phantom_membrane":2,"minecraft:sunflower":7,"minecraft:sand":128,"byg:embur_gel_ball":4,"byg:green_mushroom":1,"minecraft:string":1,"minecraft:redstone":16,"minecraft:smooth_basalt":113,"minecraft:bone":4,"minecraft:dandelion":34,"minecraft:gravel":7,"alexsmobs:maggot":2,"minecraft:iron_nugget":116,"alexsmobs:animal_dictionary":1,"minecraft:wheat":63,"minecraft:rotten_flesh":4,"minecraft:azure_bluet":5,"mekanism:basic_universal_cable":2,"minecraft:poppy":1,"minecraft:gunpowder":1,"minecraft:andesite":174,"minecraft:spider_eye":1,"minecraft:calcite":94,"minecraft:quartz":24}},"DataVersion":3120}