{"stats":{"minecraft:picked_up":{"minecraft:wheat":112,"minecraft:redstone_block":3,"mekanism:electrolytic_separator":7,"create:mechanical_crafter":2,"minecraft:amethyst_block":106,"minecraft:string":1,"minecraft:cobbled_deepslate":2,"mekanism:basic_universal_cable":10,"minecraft:red_dye":30,"mekanism:ultimate_mechanical_pipe":16,"minecraft:calcite":109,"minecraft:stick":47,"byg:green_mushroom":1,"minecraft:torch":141,"create:andesite_casing":41,"minecraft:diorite":16,"mekanism:raw_tin":140,"minecraft:cauldron":3,"minecraft:black_dye":2,"fluxnetworks:flux_plug":2,"mekanism:ultimate_universal_cable":19,"minecraft:rotten_flesh":4,"create:copper_casing":2,"byg:embur_gel_ball":4,"minecraft:obsidian":1,"byg:quartzite_sand":3,"minecraft:cobblestone":1753,"occultism:datura_seeds":9,"minecraft:andesite":141,"create:raw_zinc":163,"minecraft:dirt":650,"minecraft:glass":20,"minecraft:bone":4,"minecraft:wheat_seeds":358,"create:mechanical_drill":5,"create_new_age:magnetite_block":11,"create:shaft":2,"minecraft:bamboo":53,"minecraft:oak_planks":1,"mekanism:chemical_infuser":5,"sophisticatedbackpacks:iron_backpack":9,"mekanism:resistive_heater":1,"minecraft:grass_block":4,"minecraft:barrel":1,"minecraft:diamond":10,"minecraft:granite":19,"minecraft:bone_meal":92,"minecraft:bread":1,"alexsmobs:maggot":4,"minecraft:oak_sapling":84,"minecraft:oak_leaves":5,"fluxnetworks:flux_dust":16,"minecraft:charcoal":335,"byg:soapstone":396,"create_new_age:thorium":5,"minecraft:azure_bluet":5,"mekanism:thermal_evaporation_controller":1,"minecraft:cornflower":7,"mekanism:pressurized_reaction_chamber":1,"create:chute":1,"minecraft:deepslate_diamond_ore":4,"create:brass_funnel":1,"minecraft:iron_nugget":1364,"minecraft:poppy":1,"minecraft:sugar_cane":16,"minecraft:phantom_membrane":2,"storagedrawers:oak_trim":1,"minecraft:raw_iron":125,"create:hand_crank":2,"minecraft:carrot":509,"create:brass_casing":1,"mekanism:thermal_evaporation_block":49,"mekanism:crusher":1,"minecraft:arrow":3,"mekanism:ultimate_logistical_transporter":3,"minecraft:rail":1,"minecraft:oxeye_daisy":4,"mekanism:raw_lead":8,"mekanismgenerators:gas_burning_generator":1,"minecraft:oak_log":400,"minecraft:gunpowder":1,"fluxnetworks:flux_point":5,"mekanism:enrichment_chamber":1,"minecraft:apple":5,"fluxnetworks:flux_controller":1,"create:mechanical_saw":1,"minecraft:smooth_basalt":113,"mekanism:ultimate_pressurized_tube":2,"minecraft:dandelion":43,"mekanism:thermal_evaporation_valve":3,"minecraft:gravel":7,"minecraft:amethyst_shard":6,"minecraft:spider_eye":1,"mekanism:raw_osmium":77,"create:wheat_flour":99,"create:electron_tube":1,"mekanismgenerators:wind_generator":2,"cookingforblockheads:sink":4,"minecraft:deepslate_redstone_ore":5,"minecraft:coal":255,"minecraft:sunflower":8,"minecraft:ender_pearl":4},"minecraft:mined":{"mekanismgenerators:wind_generator":2,"create:copper_casing":2,"minecraft:oak_sapling":2,"byg:green_mushroom_block":1,"mekanism:electrolytic_separator":7,"create:andesite_casing":41,"minecraft:obsidian":1,"minecraft:granite":8,"mekanism:chemical_infuser":5,"minecraft:grass_block":370,"sophisticatedbackpacks:iron_backpack":9,"minecraft:oxeye_daisy":1,"minecraft:cobbled_deepslate":1,"minecraft:iron_ore":55,"minecraft:fire":1,"minecraft:barrel":1,"byg:quartzite_sand":3,"mekanism:thermal_evaporation_valve":3,"mekanism:osmium_ore":32,"fluxnetworks:flux_point":5,"mekanism:enrichment_chamber":1,"minecraft:torch":11,"mekanism:ultimate_pressurized_tube":2,"minecraft:calcite":28,"mekanism:tin_ore":68,"create:brass_casing":1,"minecraft:glass":5,"minecraft:cobblestone":5,"minecraft:sugar_cane":8,"minecraft:oak_planks":1,"minecraft:cauldron":3,"byg:soapstone":50,"minecraft:wheat":112,"minecraft:grass":68,"mekanism:deepslate_tin_ore":6,"minecraft:oak_log":18,"mekanism:lead_ore":3,"create:hand_crank":1,"minecraft:dirt":248,"mekanism:basic_universal_cable":8,"minecraft:oak_leaves":7,"minecraft:deepslate":1,"create:brass_funnel":1,"create:zinc_ore":71,"fluxnetworks:flux_controller":1,"minecraft:deepslate_diamond_ore":4,"mekanism:deepslate_osmium_ore":2,"create_new_age:thorium_ore":1,"mekanism:resistive_heater":1,"mekanism:ultimate_universal_cable":19,"create:shaft":2,"minecraft:carrots":93,"storagedrawers:oak_trim":1,"mekanism:ultimate_mechanical_pipe":16,"minecraft:andesite":6,"mekanism:thermal_evaporation_controller":1,"mekanismgenerators:gas_burning_generator":1,"minecraft:rail":1,"create:chute":1,"minecraft:bamboo":4,"minecraft:stone":546,"mekanism:crusher":1,"minecraft:redstone_block":3,"mekanism:thermal_evaporation_block":49,"create_new_age:magnetite_block":11,"minecraft:dandelion":8,"minecraft:cornflower":1,"minecraft:tall_grass":22,"minecraft:diorite":16,"create:mechanical_saw":1,"cookingforblockheads:sink":4,"mekanism:pressurized_reaction_chamber":1,"fluxnetworks:flux_plug":2,"create:mechanical_drill":5,"minecraft:coal_ore":108,"create:mechanical_crafter":1,"minecraft:sunflower":3,"byg:embur_gel_block":1,"mekanism:ultimate_logistical_transporter":3},"minecraft:dropped":{"byg:biomepedia":1,"occultism:datura_seeds":9,"minecraft:oak_log":399,"minecraft:dirt":94,"minecraft:cornflower":7,"minecraft:sunflower":8,"minecraft:phantom_membrane":2,"minecraft:sand":128,"byg:embur_gel_ball":4,"minecraft:bone":4,"minecraft:gravel":7,"minecraft:iron_nugget":180,"minecraft:cobbled_deepslate":1,"alexsmobs:animal_dictionary":1,"minecraft:wheat":63,"minecraft:rotten_flesh":4,"minecraft:azure_bluet":5,"mekanism:basic_universal_cable":2,"minecraft:poppy":1,"minecraft:gunpowder":1,"minecraft:quartz":24,"mekanism:dust_steel":4,"minecraft:wheat_seeds":62,"minecraft:cobblestone":1241,"minecraft:granite":17,"minecraft:grass_block":3,"minecraft:coal":1,"minecraft:oxeye_daisy":4,"ars_nouveau:worn_notebook":1,"minecraft:torch":110,"byg:soapstone":252,"byg:green_mushroom":1,"minecraft:string":1,"minecraft:dandelion":42,"minecraft:smooth_basalt":113,"minecraft:redstone":16,"alexsmobs:maggot":4,"minecraft:andesite":238,"minecraft:spider_eye":1,"minecraft:calcite":158},"minecraft:killed":{"minecraft:spider":1,"minecraft:skeleton":4,"mekanismadditions:baby_enderman":2,"minecraft:creeper":3,"minecraft:zombie":5,"alexsmobs:fly":2,"minecraft:phantom":3,"mekanismadditions:baby_skeleton":1,"minecraft:bat":1,"alexsmobs:cockroach":1,"minecraft:enderman":4},"minecraft:custom":{"minecraft:interact_with_crafting_table":81,"minecraft:open_barrel":4,"minecraft:leave_game":4,"minecraft:time_since_death":768812,"minecraft:sprint_one_cm":1312991,"minecraft:drop":140,"minecraft:talked_to_villager":1,"minecraft:play_time":768812,"minecraft:jump":1731,"minecraft:walk_on_water_one_cm":11256,"minecraft:interact_with_furnace":2,"minecraft:traded_with_villager":16,"minecraft:sleep_in_bed":11,"minecraft:damage_dealt":5999,"minecraft:crouch_one_cm":30198,"minecraft:mob_kills":28,"minecraft:walk_one_cm":826841,"minecraft:sneak_time":10875,"minecraft:walk_under_water_one_cm":23003,"minecraft:total_world_time":768812,"minecraft:time_since_rest":27807,"minecraft:damage_taken":2276,"minecraft:swim_one_cm":13025,"minecraft:fly_one_cm":619718,"minecraft:open_chest":454,"minecraft:fall_one_cm":135520},"minecraft:crafted":{"minecraft:oak_planks":388,"createoreexcavation:vein_finder":1,"mekanism:ingot_osmium":18,"mekanism:electrolytic_separator":3,"mekanism:electrolytic_core":4,"mekanismgenerators:gas_burning_generator":1,"mekanism:gauge_dropper":1,"fluxnetworks:flux_point":1,"mekanism:basic_tier_installer":1,"mekanism:thermal_evaporation_controller":1,"mekanism:block_raw_tin":15,"mekanism:isotopic_centrifuge":1,"mekanism:chemical_dissolution_chamber":1,"minecraft:comparator":4,"mekanism:elite_universal_cable":64,"minecraft:chest":8,"create:spout":1,"mekanism:rotary_condensentrator":1,"mekanism:basic_fluid_tank":1,"mekanism:elite_mechanical_pipe":64,"storagedrawers:controller_slave":2,"mekanism:elite_control_circuit":6,"minecraft:ender_eye":5,"create:cogwheel":1,"mekanism:energy_tablet":4,"fluxnetworks:flux_core":16,"minecraft:raw_iron_block":20,"mekanism:advanced_logistical_transporter":64,"mekanism:block_charcoal":37,"create:depot":1,"minecraft:emerald":16,"mekanism:chemical_infuser":2,"minecraft:cauldron":1,"create:brass_block":4,"storagedrawers:oak_full_drawers_1":2,"mekanism:advanced_thermodynamic_conductor":64,"mekanism:thermal_evaporation_block":52,"mekanism:advanced_pressurized_tube":64,"mekanism:solar_neutron_activator":1,"mekanism:steel_casing":13,"minecraft:stick":592,"mekanism:crusher":1,"minecraft:iron_ingot":887,"mekanism:hazmat_gown":1,"minecraft:iron_block":32,"mekanism:resistive_heater":1,"minecraft:gold_ingot":18,"minecraft:redstone_torch":12,"mekanism:thermal_evaporation_valve":3,"mekanism:elite_pressurized_tube":64,"mekanism:advanced_universal_cable":64,"mekanism:basic_logistical_transporter":64,"mekanism:basic_universal_cable":64,"minecraft:redstone":99,"mekanismgenerators:wind_generator":1,"minecraft:iron_nugget":117,"mekanism:pressurized_reaction_chamber":3,"mekanism:basic_chemical_tank":17,"mekanism:energized_smelter":1,"minecraft:glass_pane":32,"mekanism:basic_pressurized_tube":64,"mekanism:chemical_oxidizer":1,"storagedrawers:emerald_storage_upgrade":5,"mekanism:hazmat_boots":1,"mekanism:elite_thermodynamic_conductor":64,"minecraft:iron_hoe":1,"mekanism:personal_chest":1,"mekanism:block_raw_osmium":8,"storagedrawers:oak_trim":8,"minecraft:wheat":63,"mekanism:hazmat_mask":1,"mekanism:dynamic_tank":4,"mekanism:ultimate_control_circuit":4,"minecraft:bucket":10,"minecraft:air":0,"mekanism:basic_thermodynamic_conductor":64,"create:raw_zinc_block":11,"mekanism:hazmat_pants":1,"mekanism:block_raw_uranium":12,"mekanism:enrichment_chamber":4,"mekanism:advanced_mechanical_pipe":64,"mekanism:advanced_control_circuit":11,"mekanism:basic_mechanical_pipe":64,"create:mechanical_drill":40,"mekanism:elite_logistical_transporter":64,"minecraft:torch":128,"cookingforblockheads:sink":3,"minecraft:clay":15},"minecraft:used":{"create:deployer":1,"fluxnetworks:flux_plug":2,"mekanism:basic_mechanical_pipe":1,"mekanism:ultimate_pressurized_tube":4,"create:cogwheel":2,"create:mechanical_crafter":28,"minecraft:carrot":279,"create:depot":1,"mekanism:basic_universal_cable":1,"minecraft:obsidian":2,"minecraft:glass":69,"minecraft:lava_bucket":15,"minecraft:grass_block":1,"mekanismgenerators:wind_generator":3,"mekanism:basic_tier_installer":1,"minecraft:deepslate_diamond_ore":4,"create:shaft":8,"minecraft:oak_sapling":50,"create:mechanical_drill":53,"mekanismgenerators:gas_burning_generator":2,"mekanism:ultimate_mechanical_pipe":20,"minecraft:diorite":16,"create:crushing_wheel":2,"minecraft:oak_planks":1,"minecraft:redstone_block":3,"minecraft:diamond_axe":56,"create:mechanical_saw":8,"minecraft:oak_leaves":5,"create:spout":1,"mekanism:chemical_dissolution_chamber":1,"byg:quartzite_sand":3,"minecraft:shears":5,"mekanism:crusher":2,"minecraft:bread":69,"mekanism:upgrade_speed":2,"mekanism:thermal_evaporation_controller":1,"mekanism:rotary_condensentrator":1,"storagedrawers:quantify_key":5,"storagedrawers:oak_trim":12,"mekanism:ultimate_logistical_transporter":4,"minecraft:andesite":1,"create:vertical_gearbox":3,"minecraft:bone_meal":117,"create:large_cogwheel":1,"cookingforblockheads:sink":7,"storagedrawers:oak_full_drawers_1":6,"sophisticatedbackpacks:iron_backpack":9,"mekanism:enrichment_chamber":2,"minecraft:flint_and_steel":1,"mekanism:configurator":36,"minecraft:torch":177,"minecraft:dirt":488,"minecraft:granite":2,"create:chute":3,"minecraft:iron_hoe":71,"mekanism:chemical_oxidizer":1,"create:wrench":24,"create:cart_assembler":2,"minecraft:barrel":1,"create:encased_chain_drive":15,"mekanism:upgrade_energy":2,"mekanism:electrolytic_separator":9,"mekanism:pressurized_reaction_chamber":4,"minecraft:cobbled_deepslate":1,"create:belt_connector":2,"minecraft:calcite":15,"minecraft:water_bucket":9,"mekanism:isotopic_centrifuge":1,"fluxnetworks:flux_point":6,"mekanism:ultimate_universal_cable":41,"minecraft:cauldron":4,"mekanism:chemical_infuser":6,"create:furnace_minecart_contraption":7,"fluxnetworks:flux_controller":1,"minecraft:rail":12,"create:brass_funnel":6,"mekanism:thermal_evaporation_valve":3,"minecraft:oak_log":53,"mekanism:basic_chemical_tank":2,"minecraft:diamond_pickaxe":479,"mekanism:atomic_disassembler":1534,"create:mechanical_press":1,"storagedrawers:controller_slave":2,"mekanism:energized_smelter":1,"byg:soapstone":77,"minecraft:cobblestone":39,"minecraft:cooked_porkchop":2,"minecraft:bucket":11,"alexsmobs:animal_dictionary":1,"create:hand_crank":8,"mekanism:thermal_evaporation_block":49,"minecraft:dandelion":1,"mekanism:resistive_heater":1}},"DataVersion":3120}