{"stats":{"minecraft:mined":{"mekanism:osmium_ore":2,"create:shaft":2,"fluxnetworks:flux_controller":1,"fluxnetworks:flux_plug":1,"fluxnetworks:flux_point":1,"storagedrawers:oak_trim":1,"minecraft:cornflower":1,"minecraft:grass":44,"minecraft:grass_block":5,"minecraft:dirt":16,"minecraft:tall_grass":9,"minecraft:stone":7},"minecraft:custom":{"minecraft:time_since_rest":53099,"minecraft:interact_with_furnace":1,"minecraft:sprint_one_cm":73135,"minecraft:damage_taken":371,"minecraft:walk_one_cm":63051,"minecraft:mob_kills":1,"minecraft:drop":17,"minecraft:damage_dealt":20,"minecraft:interact_with_crafting_table":4,"minecraft:swim_one_cm":1168,"minecraft:fly_one_cm":103581,"minecraft:open_chest":54,"minecraft:crouch_one_cm":829,"minecraft:play_time":96783,"minecraft:sneak_time":782,"minecraft:walk_under_water_one_cm":1090,"minecraft:jump":311,"minecraft:leave_game":2,"minecraft:time_since_death":96783,"minecraft:walk_on_water_one_cm":688,"minecraft:sleep_in_bed":1,"minecraft:total_world_time":96783,"minecraft:fall_one_cm":22573},"minecraft:killed":{"alexsmobs:fly":1},"minecraft:picked_up":{"occultism:datura_seeds":1,"storagedrawers:oak_trim":1,"minecraft:cornflower":1,"mekanism:raw_osmium":2,"minecraft:dirt":21,"fluxnetworks:flux_plug":1,"fluxnetworks:flux_point":1,"minecraft:wheat_seeds":7,"fluxnetworks:flux_controller":1,"create:shaft":2,"alexsmobs:maggot":2,"minecraft:cobblestone":84},"minecraft:used":{"minecraft:glass":2,"storagedrawers:oak_full_drawers_1":6,"mekanism:atomic_disassembler":30,"create:crushing_wheel":2,"fluxnetworks:flux_point":1,"minecraft:bread":7,"mekanism:upgrade_speed":1,"storagedrawers:controller_slave":1,"mekanism:energized_smelter":1,"mekanism:basic_tier_installer":1,"storagedrawers:quantify_key":4,"storagedrawers:oak_trim":7,"minecraft:torch":1,"fluxnetworks:flux_controller":1,"fluxnetworks:flux_plug":1,"minecraft:dirt":7,"mekanism:upgrade_energy":1,"create:brass_funnel":3,"create:shaft":8,"alexsmobs:animal_dictionary":1,"create:vertical_gearbox":3,"create:belt_connector":2},"minecraft:crafted":{"mekanism:basic_tier_installer":1,"minecraft:oak_planks":68,"minecraft:redstone":18,"mekanism:steel_casing":1,"minecraft:stick":4,"minecraft:iron_ingot":45,"minecraft:comparator":2,"minecraft:gold_ingot":9,"minecraft:chest":6,"storagedrawers:oak_full_drawers_1":2,"mekanism:energized_smelter":1,"minecraft:redstone_torch":6,"storagedrawers:controller_slave":1},"minecraft:dropped":{"mekanism:dust_steel":4,"byg:biomepedia":1,"occultism:datura_seeds":1,"ars_nouveau:worn_notebook":1,"alexsmobs:maggot":2,"minecraft:wheat_seeds":7,"alexsmobs:animal_dictionary":1,"minecraft:cornflower":1,"minecraft:cobblestone":11,"minecraft:sand":128,"minecraft:quartz":24}},"DataVersion":3120}