{"stats":{"minecraft:killed":{"minecraft:skeleton":23,"minecraft:chicken":19,"alexsmobs:straddler":5,"minecraft:magma_cube":65,"minecraft:pillager":1,"minecraft:zombie":24,"minecraft:cow":20,"alexsmobs:raccoon":10,"minecraft:horse":10,"mekanismadditions:baby_skeleton":4,"ars_nouveau:drygmy":1,"ars_nouveau:starbuncle":3,"minecraft:wandering_trader":3,"minecraft:enderman":6,"alexsmobs:hummingbird":5,"minecraft:zombified_piglin":1,"minecraft:spider":2,"minecraft:piglin":1,"minecraft:pig":6,"mekanismadditions:baby_enderman":6,"alexsmobs:grizzly_bear":2,"alexsmobs:stradpole":2,"minecraft:creeper":10,"minecraft:sheep":5,"minecraft:trader_llama":8,"minecraft:ghast":2,"alexsmobs:fly":3,"minecraft:blaze":20,"minecraft:phantom":12,"alexsmobs:bison":2,"minecraft:drowned":1,"minecraft:bat":1,"alexsmobs:cockroach":2,"ars_nouveau:whirlisprig":6,"alexsmobs:crow":2,"minecraft:wither_skeleton":5},"minecraft:used":{"byg:travertine":17,"create:deployer":20,"mekanism:ultimate_tier_installer":4,"mekanism:pressure_disperser":49,"mekanism:deepslate_uranium_ore":320,"mekanism:upgrade_gas":2,"minecraft:chest":18,"minecraft:stone":3,"mekanism:deepslate_lead_ore":64,"mekanism:ultimate_thermodynamic_conductor":4,"mekanism:digital_miner":2,"fluxnetworks:flux_plug":8,"minecraft:soul_sand":1,"mekanism:ultimate_pressurized_tube":96,"create:mechanical_crafter":28,"ironchest:iron_chest":1,"create:depot":3,"mekanismgenerators:turbine_rotor":8,"mekanism:basic_energy_cube":1,"minecraft:lava_bucket":21,"minecraft:grass_block":1,"create:shaft":13,"minecraft:oak_sapling":103,"mekanismgenerators:gas_burning_generator":2,"minecraft:egg":4,"minecraft:diorite":18,"minecraft:powered_rail":14,"mekanism:induction_port":2,"minecraft:orange_tulip":1,"minecraft:blackstone":12,"minecraft:composter":2,"minecraft:oak_leaves":5,"create:spout":1,"mekanism:chemical_dissolution_chamber":3,"mekanismgenerators:turbine_vent":81,"mekanismgenerators:reactor_glass":291,"minecraft:deepslate_tiles":46,"minecraft:deepslate_iron_ore":126,"mekanism:thermal_evaporation_controller":4,"mekanism:rotary_condensentrator":9,"minecraft:smithing_table":2,"minecraft:enchanting_table":1,"minecraft:netherrack":108,"minecraft:torch":717,"minecraft:warped_wart_block":715,"minecraft:anvil":1,"mekanism:elite_chemical_tank":10,"minecraft:ancient_debris":2,"mekanismgenerators:control_rod_assembly":17,"mekanismgenerators:fission_reactor_casing":217,"mekanism:chemical_oxidizer":2,"create:wrench":201,"mekanism:purification_chamber":1,"mekanism:radioactive_waste_barrel":16,"mekanism:teleporter_frame":19,"minecraft:barrel":1,"minecraft:bamboo":1,"create:encased_chain_drive":15,"minecraft:basalt":84,"mekanism:upgrade_energy":25,"create:fluid_pipe":2,"comforts:sleeping_bag_white":5,"minecraft:cobbled_deepslate":119,"create:belt_connector":2,"minecraft:calcite":15,"minecraft:wheat_seeds":224,"minecraft:water_bucket":15,"minecraft:warped_stem":9,"storagedrawers:compacting_drawers_3":4,"mekanism:isotopic_centrifuge":1,"minecraft:cauldron":6,"minecraft:gold_ore":1,"create:furnace_minecart_contraption":48,"minecraft:rail":84,"minecraft:crafting_table":1,"mekanism:thermal_evaporation_valve":15,"mekanism:advanced_induction_provider":1,"minecraft:oak_log":120,"mekanism:induction_casing":29,"mekanismgenerators:turbine_valve":7,"minecraft:diamond_pickaxe":3612,"mekanism:atomic_disassembler":6234,"minecraft:sunflower":1,"minecraft:oak_button":20,"create:mechanical_arm":11,"minecraft:cobblestone":165,"minecraft:cooked_porkchop":2,"mekanismgenerators:saturating_condenser":48,"mekanism:thermal_evaporation_block":160,"minecraft:kelp":9,"minecraft:dandelion":1,"byg:subzero_ash_block":4,"mekanism:resistive_heater":8,"mekanism:deepslate_fluorite_ore":452,"mekanismgenerators:rotational_complex":2,"create:minecart_contraption":4,"mekanism:osmium_ore":249,"mekanism:basic_mechanical_pipe":13,"create:cogwheel":8,"minecraft:carrot":3116,"mekanism:lead_ore":181,"minecraft:furnace_minecart":11,"mekanism:basic_universal_cable":39,"minecraft:tuff":5,"mekanism:chemical_injection_chamber":1,"minecraft:obsidian":3,"minecraft:glass":69,"mekanismgenerators:wind_generator":4,"mekanismgenerators:electromagnetic_coil":4,"minecraft:warped_nylium":2,"minecraft:crimson_roots":4,"mekanism:basic_tier_installer":1,"minecraft:deepslate_diamond_ore":114,"minecraft:warped_fungus":28,"ironchest:obsidian_chest":4,"create:mechanical_drill":53,"mekanism:jetpack_armored":1,"mekanism:ultimate_mechanical_pipe":79,"create:crushing_wheel":2,"mekanism:chemical_washer":2,"minecraft:oak_planks":1,"minecraft:redstone_block":8,"minecraft:diamond_axe":93,"minecraft:sugar_cane":1,"create:mechanical_saw":104,"minecraft:white_wool":8,"byg:quartzite_sand":3,"minecraft:deepslate_redstone_ore":2,"minecraft:sponge":2,"minecraft:shears":243,"mekanism:deepslate_osmium_ore":103,"minecraft:redstone_torch":12,"waystones:waystone":3,"mekanism:teleporter":2,"mekanism:qio_dashboard":1,"mekanism:crusher":3,"mekanism:elite_tier_installer":4,"minecraft:bread":292,"mekanism:upgrade_speed":20,"mekanism:qio_drive_array":1,"mekanism:basic_pressurized_tube":17,"minecraft:iron_door":2,"minecraft:deepslate":5,"minecraft:gravel":12,"storagedrawers:quantify_key":9,"storagedrawers:oak_trim":12,"mekanism:ultimate_logistical_transporter":5,"mekanism:advanced_induction_cell":1,"minecraft:andesite":2,"create:vertical_gearbox":3,"mekanismgenerators:fission_fuel_assembly":129,"minecraft:bone_meal":336,"create:large_cogwheel":1,"cookingforblockheads:sink":14,"mekanism:advanced_tier_installer":4,"storagedrawers:oak_full_drawers_1":9,"mekanism:enrichment_chamber":3,"sophisticatedbackpacks:iron_backpack":9,"minecraft:flint_and_steel":35,"mekanism:configurator":126,"minecraft:redstone":2,"minecraft:deepslate_gold_ore":28,"mekanism:modification_station":2,"create:mechanical_pump":2,"minecraft:dirt":1603,"mekanism:meka_tool":1079,"mekanismgenerators:fission_reactor_port":10,"mekanism:tin_ore":1,"minecraft:granite":6,"create:chute":3,"minecraft:iron_hoe":306,"minecraft:bookshelf":15,"create:cart_assembler":40,"minecraft:light_gray_wool":1,"byg:blue_netherrack":39,"ironchest:gold_chest":4,"minecraft:minecart":2,"minecraft:cooked_beef":11,"mekanism:pressurized_reaction_chamber":7,"mekanism:electrolytic_separator":12,"minecraft:iron_ore":291,"fluxnetworks:flux_point":13,"mekanism:ultimate_universal_cable":92,"minecraft:warped_roots":72,"mekanism:chemical_infuser":11,"fluxnetworks:flux_controller":1,"create:brass_funnel":6,"mekanismgenerators:turbine_casing":306,"mekanism:basic_chemical_tank":10,"create:windmill_bearing":1,"ars_nouveau:source_jar":2,"create:mechanical_press":1,"mekanism:structural_glass":180,"storagedrawers:controller_slave":2,"mekanism:energized_smelter":2,"mekanism:chemical_crystallizer":4,"byg:soapstone":77,"mekanism:solar_neutron_activator":2,"createoreexcavation:vein_finder":6,"minecraft:bucket":19,"alexsmobs:animal_dictionary":1,"create:hand_crank":75,"minecraft:smooth_stone":1003},"minecraft:broken":{"minecraft:shears":1,"minecraft:iron_helmet":1},"minecraft:mined":{"mekanismgenerators:wind_generator":6,"create:copper_casing":3,"byg:green_mushroom_block":1,"create:andesite_casing":65,"mekanism:teleporter_frame":19,"minecraft:obsidian":1,"minecraft:granite":18,"mekanismgenerators:turbine_valve":5,"minecraft:crimson_fungus":5,"minecraft:oxeye_daisy":2,"mekanism:solar_neutron_activator":1,"minecraft:fire":37,"minecraft:cobbled_deepslate":13,"minecraft:barrel":1,"byg:blue_nether_quartz_ore":5,"ironchest:gold_chest":3,"byg:prairie_grass":2,"byg:quartzite_sand":3,"mekanism:chemical_washer":1,"create:cogwheel":1,"mekanism:osmium_ore":281,"mekanismgenerators:turbine_vent":41,"ars_nouveau:light_block":1,"mekanism:enrichment_chamber":1,"minecraft:torch":54,"mekanism:ultimate_pressurized_tube":33,"mekanism:tin_ore":68,"minecraft:glass":5,"minecraft:sugar_cane":32,"byg:soapstone":55,"minecraft:wheat":336,"storagedrawers:oak_full_drawers_1":7,"minecraft:warped_fungus":49,"mekanismgenerators:electromagnetic_coil":2,"minecraft:grass":317,"mekanism:lead_ore":184,"mekanismgenerators:reactor_glass":152,"create:hand_crank":4,"byg:warped_soul_sand":18,"mekanism:elite_chemical_tank":8,"mekanism:modification_station":1,"minecraft:deepslate":161,"byg:travertine":108,"create:zinc_ore":71,"minecraft:deepslate_tiles":45,"fluxnetworks:flux_controller":1,"minecraft:allium":1,"minecraft:crimson_roots":4,"create_new_age:thorium_ore":1,"mekanism:basic_chemical_tank":9,"minecraft:redstone_wire":2,"mekanism:resistive_heater":7,"create:shaft":3,"mekanism:ultimate_mechanical_pipe":32,"storagedrawers:oak_trim":1,"minecraft:andesite":7,"mekanismgenerators:gas_burning_generator":1,"create:cart_assembler":2,"minecraft:rail":25,"create:chute":1,"minecraft:warped_stem":33,"ironchest:iron_chest":4,"create:deployer":10,"mekanism:chemical_crystallizer":2,"mekanism:basic_pressurized_tube":1,"minecraft:bamboo_sapling":1,"minecraft:bamboo":12,"minecraft:smithing_table":1,"mekanism:crusher":1,"minecraft:redstone_block":8,"minecraft:soul_sand":15,"mekanism:basic_energy_cube":1,"create_new_age:magnetite_block":11,"minecraft:dandelion":9,"minecraft:cornflower":1,"create:fluid_pipe":1,"create:mechanical_pump":1,"mekanism:pressure_disperser":25,"minecraft:warped_roots":325,"minecraft:tall_grass":60,"ars_nouveau:source_jar":2,"minecraft:deepslate_gold_ore":32,"minecraft:diorite":28,"minecraft:warped_wart_block":152,"create:mechanical_saw":31,"mekanism:pressurized_reaction_chamber":2,"byg:scoria_stone":273,"mekanismgenerators:turbine_rotor":4,"minecraft:birch_leaves":1,"create:mechanical_drill":5,"minecraft:sunflower":55,"byg:embur_gel_block":1,"minecraft:gravel":13,"mekanism:deepslate_fluorite_ore":112,"mekanism:deepslate_uranium_ore":321,"minecraft:oak_button":4,"mekanism:ultimate_logistical_transporter":3,"minecraft:gold_ore":1,"minecraft:oak_sapling":15,"mekanism:electrolytic_separator":8,"mekanism:structural_glass":96,"mekanism:chemical_infuser":7,"minecraft:grass_block":1083,"mekanismgenerators:control_rod_assembly":9,"sophisticatedbackpacks:iron_backpack":9,"minecraft:soul_soil":36,"mekanism:rotary_condensentrator":6,"minecraft:composter":1,"mekanismgenerators:fission_reactor_port":5,"minecraft:smooth_stone":51,"minecraft:glowstone":9,"minecraft:iron_ore":349,"mekanism:digital_miner":1,"minecraft:azure_bluet":1,"mekanismgenerators:rotational_complex":1,"mekanism:thermal_evaporation_valve":5,"mekanismgenerators:saturating_condenser":24,"mekanismgenerators:fission_reactor_casing":111,"minecraft:deepslate_redstone_ore":2,"mekanism:induction_casing":3,"minecraft:blackstone":60,"fluxnetworks:flux_point":10,"minecraft:calcite":28,"minecraft:chest":24,"create:brass_casing":1,"minecraft:nether_quartz_ore":5,"minecraft:cobblestone":120,"minecraft:oak_planks":12,"minecraft:iron_door":2,"minecraft:wall_torch":4,"minecraft:cauldron":5,"byg:wailing_bell_blossom":1,"minecraft:warped_nylium":1,"minecraft:powered_rail":8,"byg:warped_coral_block":2,"minecraft:orange_tulip":1,"byg:subzero_ash_block":9,"ironchest:obsidian_chest":2,"mekanism:deepslate_tin_ore":6,"minecraft:oak_log":177,"minecraft:dirt":1025,"mekanism:basic_universal_cable":16,"minecraft:ancient_debris":5,"minecraft:netherrack":636,"minecraft:oak_leaves":290,"create:brass_funnel":1,"minecraft:nether_gold_ore":1,"minecraft:tuff":10,"minecraft:deepslate_diamond_ore":119,"mekanism:basic_mechanical_pipe":9,"mekanism:deepslate_osmium_ore":117,"gravestone:gravestone":1,"mekanism:chemical_dissolution_chamber":1,"mekanism:ultimate_universal_cable":21,"byg:blue_netherrack":233,"minecraft:furnace":4,"minecraft:carrots":1802,"minecraft:nether_sprouts":243,"mekanism:thermal_evaporation_controller":1,"minecraft:shroomlight":2,"minecraft:deepslate_iron_ore":126,"mekanismgenerators:turbine_casing":160,"minecraft:wet_sponge":2,"minecraft:stone":786,"minecraft:redstone_wall_torch":2,"mekanism:deepslate_lead_ore":64,"mekanism:thermal_evaporation_block":65,"minecraft:basalt":303,"minecraft:crafting_table":1,"cookingforblockheads:sink":8,"fluxnetworks:flux_plug":7,"minecraft:redstone_torch":7,"minecraft:coal_ore":126,"byg:wailing_nylium":3,"create:mechanical_crafter":1,"mekanismgenerators:fission_fuel_assembly":65},"minecraft:custom":{"minecraft:interact_with_crafting_table":456,"minecraft:open_barrel":15,"minecraft:leave_game":15,"minecraft:time_since_death":1237499,"minecraft:play_time":3386515,"minecraft:deaths":1,"minecraft:jump":7400,"minecraft:enchant_item":1,"minecraft:interact_with_furnace":12,"minecraft:traded_with_villager":17,"minecraft:sleep_in_bed":52,"minecraft:waystone_activated":4,"minecraft:damage_dealt":43451,"minecraft:interact_with_smithing_table":3,"minecraft:interact_with_anvil":4,"minecraft:sneak_time":92298,"minecraft:total_world_time":3386515,"minecraft:time_since_rest":26739,"minecraft:swim_one_cm":24862,"minecraft:fly_one_cm":3063650,"minecraft:open_chest":2135,"minecraft:fall_one_cm":481299,"minecraft:animals_bred":49,"minecraft:sprint_one_cm":5584132,"minecraft:drop":1367,"minecraft:talked_to_villager":8,"minecraft:interact_with_brewingstand":1,"minecraft:walk_on_water_one_cm":28507,"minecraft:crouch_one_cm":333034,"minecraft:mob_kills":302,"minecraft:fill_cauldron":2,"minecraft:walk_one_cm":3816353,"minecraft:walk_under_water_one_cm":30998,"minecraft:damage_taken":9797},"minecraft:crafted":{"mekanism:module_attack_amplification_unit":4,"minecraft:cactus":1,"mekanism:digital_miner":1,"mekanism:configurator":1,"mekanism:ingot_osmium":1359,"fluxnetworks:flux_plug":1,"minecraft:blaze_powder":18,"mekanism:electrolytic_separator":4,"waystones:waystone":1,"mekanism:advanced_energy_cube":2,"mekanism:logistical_sorter":2,"minecraft:bookshelf":15,"minecraft:iron_bars":128,"mekanismgenerators:turbine_valve":2,"mekanism:chemical_washer":1,"mekanism:qio_drive_base":17,"mekanism:thermal_evaporation_controller":3,"mekanism:mekasuit_pants":1,"minecraft:diamond_helmet":1,"minecraft:diamond_leggings":1,"mekanism:pressure_disperser":24,"minecraft:netherite_boots":1,"mekanism:block_raw_tin":15,"mekanism:chemical_dissolution_chamber":2,"mekanism:elite_universal_cable":320,"mekanism:rotary_condensentrator":3,"mekanism:elite_mechanical_pipe":64,"create:cogwheel":18,"mekanism:energy_tablet":95,"mekanism:elite_chemical_tank":2,"mekanism:block_charcoal":443,"minecraft:furnace_minecart":1,"minecraft:emerald":17,"mekanism:module_excavation_escalation_unit":4,"mekanism:chemical_injection_chamber":1,"mekanism:teleporter":2,"create:brass_block":4,"minecraft:raw_gold_block":10,"storagedrawers:oak_full_drawers_1":2,"minecraft:smithing_table":1,"mekanism:advanced_thermodynamic_conductor":64,"waystones:warp_stone":1,"mekanism:module_jetpack_unit":1,"mekanism:advanced_pressurized_tube":64,"mekanism:ingot_lead":414,"mekanism:teleportation_core":9,"mekanism:solar_neutron_activator":1,"mekanism:qio_drive_array":1,"minecraft:iron_pickaxe":3,"minecraft:iron_block":88,"minecraft:gold_ingot":113,"mekanism:upgrade_gas":24,"create:large_cogwheel":15,"minecraft:netherite_ingot":4,"minecraft:composter":1,"mekanism:advanced_chemical_tank":2,"mekanism:thermal_evaporation_valve":13,"mekanismgenerators:turbine_rotor":4,"mekanism:basic_logistical_transporter":64,"mekanism:advanced_universal_cable":320,"minecraft:iron_nugget":153,"mekanism:basic_chemical_tank":97,"mekanism:mekasuit_bodyarmor":1,"mekanism:module_base":10,"minecraft:bone_meal":24,"mekanism:basic_pressurized_tube":64,"storagedrawers:emerald_storage_upgrade":12,"mekanism:robit":1,"mekanism:modification_station":1,"minecraft:diamond_boots":1,"mekanismgenerators:saturating_condenser":24,"minecraft:redstone_block":38,"create:electron_tube":13,"create:windmill_bearing":1,"mekanism:block_raw_osmium":25,"minecraft:wheat":81,"ironchest:gold_chest":4,"mekanism:advanced_induction_cell":1,"mekanismgenerators:control_rod_assembly":8,"mekanismgenerators:turbine_vent":46,"minecraft:enchanting_table":1,"mekanism:hazmat_mask":1,"mekanism:dynamic_tank":8,"mekanism:ultimate_control_circuit":98,"minecraft:deepslate_tiles":44,"mekanism:qio_drive_hyper_dense":4,"mekanismgenerators:turbine_blade":8,"ironchest:obsidian_chest":3,"create:raw_zinc":315,"create:zinc_block":53,"minecraft:iron_leggings":1,"mekanismgenerators:rotational_complex":1,"mekanism:advanced_mechanical_pipe":64,"mekanism:basic_mechanical_pipe":64,"create:shaft":8,"mekanism:elite_logistical_transporter":64,"mekanism:mekasuit_helmet":1,"mekanismgenerators:reactor_glass":156,"minecraft:oak_planks":780,"mekanism:advanced_induction_provider":1,"createoreexcavation:vein_finder":1,"mekanism:block_raw_lead":29,"mekanism:electrolytic_core":5,"mekanismgenerators:gas_burning_generator":1,"mekanism:induction_port":2,"mekanism:gauge_dropper":1,"fluxnetworks:flux_point":3,"mekanismgenerators:turbine_casing":244,"create:deployer":12,"minecraft:warped_planks":4,"mekanism:basic_tier_installer":1,"minecraft:iron_boots":1,"create:cart_assembler":1,"mekanism:isotopic_centrifuge":1,"mekanism:ultimate_universal_cable":256,"minecraft:comparator":4,"mekanismgenerators:fission_reactor_casing":128,"minecraft:chest":26,"minecraft:netherite_helmet":1,"create:spout":2,"minecraft:oak_button":4,"mekanism:basic_fluid_tank":4,"minecraft:rail":32,"storagedrawers:controller_slave":2,"mekanism:elite_control_circuit":122,"minecraft:ender_eye":7,"minecraft:stone_bricks":4,"mekanism:basic_induction_cell":9,"create:brass_hand":12,"fluxnetworks:flux_core":24,"minecraft:raw_iron_block":110,"mekanism:advanced_logistical_transporter":64,"create:depot":1,"minecraft:oak_slab":12,"mekanism:block_osmium":159,"minecraft:cauldron":1,"mekanismgenerators:fission_reactor_port":6,"mekanism:chemical_infuser":4,"create:mechanical_saw":24,"minecraft:iron_helmet":1,"mekanism:purification_chamber":2,"mekanism:thermal_evaporation_block":172,"ironchest:diamond_chest":3,"mekanism:qio_drive_time_dilating":1,"mekanism:structural_glass":88,"mekanism:meka_tool":1,"minecraft:book":47,"minecraft:iron_chestplate":1,"mekanism:radioactive_waste_barrel":16,"minecraft:paper":60,"mekanism:steel_casing":83,"mekanism:crusher":2,"minecraft:stick":684,"minecraft:iron_ingot":2714,"mekanism:induction_casing":32,"mekanism:hazmat_gown":1,"mekanism:resistive_heater":1,"minecraft:redstone_torch":16,"mekanismgenerators:electromagnetic_coil":2,"minecraft:deepslate_bricks":44,"mekanism:elite_pressurized_tube":64,"minecraft:shears":1,"mekanism:block_lead":46,"minecraft:redstone":405,"mekanism:basic_universal_cable":320,"mekanismgenerators:wind_generator":1,"mekanism:pressurized_reaction_chamber":5,"minecraft:furnace":1,"mekanism:energized_smelter":2,"minecraft:piston":10,"mekanism:portable_teleporter":1,"mekanism:advanced_tier_installer":4,"mekanism:chemical_oxidizer":2,"mekanism:jetpack":1,"minecraft:glass_pane":32,"mekanism:hazmat_boots":1,"minecraft:netherite_chestplate":1,"mekanism:elite_thermodynamic_conductor":64,"mekanism:teleporter_frame":18,"minecraft:netherite_leggings":1,"mekanism:basic_induction_provider":4,"minecraft:polished_deepslate":44,"mekanism:portable_qio_dashboard":1,"minecraft:iron_hoe":2,"mekanism:geiger_counter":1,"mekanism:personal_chest":4,"minecraft:minecart":1,"storagedrawers:oak_trim":8,"minecraft:powered_rail":18,"minecraft:iron_sword":4,"minecraft:bucket":58,"mekanism:chemical_crystallizer":2,"mekanismgenerators:fission_fuel_assembly":64,"minecraft:air":0,"mekanism:basic_thermodynamic_conductor":64,"mekanism:upgrade_speed":168,"mekanism:mekasuit_boots":1,"create:raw_zinc_block":11,"mekanism:hazmat_pants":1,"storagedrawers:compacting_drawers_3":4,"mekanism:block_raw_uranium":33,"minecraft:white_wool":4,"mekanism:basic_energy_cube":15,"mekanism:enrichment_chamber":9,"storagedrawers:void_upgrade":1,"mekanism:upgrade_energy":168,"mekanism:advanced_control_circuit":160,"minecraft:anvil":1,"mekanism:ultimate_tier_installer":4,"mekanism:qio_dashboard":2,"create:mechanical_drill":40,"minecraft:torch":416,"cookingforblockheads:sink":25,"mekanism:elite_tier_installer":4,"fluxnetworks:flux_block":1,"mekanism:nugget_bronze":27,"minecraft:clay":159,"minecraft:diamond_chestplate":1,"ironchest:iron_chest":1},"minecraft:picked_up":{"mekanism:raw_uranium":734,"minecraft:smithing_table":1,"minecraft:lead":18,"mekanism:free_runners":1,"minecraft:enchanted_book":1,"minecraft:golden_sword":1,"minecraft:amethyst_block":206,"minecraft:string":1,"minecraft:soul_soil":33,"create:limestone":192,"minecraft:shroomlight":235,"create:water_wheel":2,"minecraft:cobbled_deepslate":5541,"create:cart_assembler":2,"minecraft:gold_nugget":8877,"mekanism:basic_universal_cable":18,"create_new_age:copper_wire":4,"minecraft:composter":1,"mekanism:tin_ore":1,"create:andesite_casing":65,"ironchest:gold_chest":3,"mekanism:raw_tin":188,"minecraft:cauldron":5,"minecraft:black_dye":2,"create_new_age:generator_coil":1,"create:copper_casing":3,"create:scoria":1,"create:mechanical_arm":2,"minecraft:blaze_rod":9,"mekanism:lead_ore":1,"minecraft:iron_bars":8,"minecraft:furnace_minecart":10,"storagedrawers:oak_full_drawers_4":2,"minecraft:magma_block":1,"minecraft:feather":47,"minecraft:iron_door":2,"reliquary:molten_core":4,"alexsmobs:bison_fur":2,"mekanism:chemical_dissolution_chamber":1,"minecraft:flint":137,"create:cinder_flour":36,"fluxnetworks:flux_core":3,"mekanism:chemical_crystallizer":2,"create:mechanical_drill":5,"mekanism:deepslate_lead_ore":1,"create:shaft":50,"minecraft:glowstone_dust":35,"mekanism:pressure_disperser":25,"mekanism:chemical_infuser":7,"minecraft:warped_wart_block":4112,"sophisticatedbackpacks:iron_backpack":9,"mekanism:resistive_heater":7,"minecraft:barrel":1,"mekanism:basic_mechanical_pipe":9,"minecraft:iron_hoe":5,"mekanismgenerators:turbine_vent":41,"minecraft:deepslate":5,"mekanism:induction_casing":3,"minecraft:deepslate_gold_ore":34,"mekanism:chemical_washer":1,"minecraft:granite":419,"byg:travertine":107,"minecraft:golden_horse_armor":1,"minecraft:bread":1,"createaddition:copper_rod":1,"alexsmobs:maggot":4,"minecraft:crimson_roots":4,"ars_nouveau:red_archwood_log":7,"mekanismgenerators:turbine_rotor":4,"minecraft:crafting_table":1,"mekanism:thermal_evaporation_controller":1,"minecraft:clay_ball":960,"gravestone:obituary":2,"minecraft:cornflower":7,"create:fluid_pipe":1,"minecraft:flint_and_steel":1,"mekanism:pressurized_reaction_chamber":2,"create:brass_funnel":81,"minecraft:deepslate_diamond_ore":18,"minecraft:beef":65,"mekanism:elite_chemical_tank":8,"mekanism:teleporter_frame":19,"minecraft:iron_nugget":7940,"minecraft:poppy":1,"minecraft:minecart":3,"mekanism:structural_glass":97,"minecraft:chest":24,"minecraft:egg":4,"minecraft:stone":3,"byg:raw_pendorite":9,"create:crushed_raw_zinc":482,"alexsmobs:straddlite":4,"ironchest:iron_chest":4,"minecraft:fire_charge":4,"byg:sythian_stalk_block":14,"minecraft:white_dye":10,"create:powdered_obsidian":17,"minecraft:carrot":9372,"minecraft:redstone":33,"create:brass_casing":1,"create:vertical_gearbox":17,"mekanism:crusher":1,"mekanism:ultimate_logistical_transporter":3,"minecraft:hay_block":5,"create:depot":2,"byg:blue_netherrack":413,"minecraft:mutton":14,"minecraft:rail":34,"minecraft:white_wool":8,"minecraft:oxeye_daisy":6,"mekanism:raw_lead":508,"mekanismgenerators:gas_burning_generator":1,"minecraft:oak_log":1405,"minecraft:ancient_debris":5,"mekanismgenerators:electromagnetic_coil":2,"minecraft:stone_bricks":1,"minecraft:apple":133,"minecraft:kelp":131,"minecraft:warped_stem":955,"minecraft:iron_ore":83,"minecraft:glass_bottle":2,"mekanismgenerators:turbine_blade":8,"create:mechanical_saw":32,"minecraft:smooth_basalt":113,"ars_nouveau:source_jar":2,"minecraft:gravel":77,"cookingforblockheads:sink":8,"storagedrawers:oak_full_drawers_2":2,"minecraft:deepslate_redstone_ore":101,"create:mechanical_pump":1,"minecraft:redstone_ore":1,"minecraft:diamond_axe":1,"minecraft:warped_roots":324,"minecraft:oak_button":4,"mekanismgenerators:reactor_glass":152,"minecraft:warped_nylium":1,"minecraft:hopper":2,"minecraft:ender_pearl":9,"minecraft:music_disc_strad":1,"minecraft:wheat":338,"mekanism:electrolytic_separator":8,"minecraft:redstone_block":6,"sophisticatedbackpacks:tool_swapper_upgrade":1,"minecraft:iron_trapdoor":2,"create:mechanical_crafter":13,"mekanismgenerators:turbine_casing":160,"minecraft:potion":5,"minecraft:nether_brick":9,"byg:subzero_ash_block":34,"minecraft:raw_copper":64,"create_new_age:radioactive_thorium":9,"minecraft:iron_leggings":1,"create:sand_paper":1,"minecraft:deepslate_tiles":68,"minecraft:bucket":21,"minecraft:smooth_stone":51,"comforts:sleeping_bag_white":5,"minecraft:red_dye":60,"minecraft:redstone_torch":9,"mekanismgenerators:fission_reactor_casing":111,"mekanism:ultimate_mechanical_pipe":32,"minecraft:calcite":109,"alexsmobs:raccoon_tail":1,"mekanism:deepslate_uranium_ore":64,"create_new_age:electrical_connector":6,"minecraft:iron_boots":2,"minecraft:deepslate_iron_ore":32,"minecraft:furnace":4,"create_new_age:redstone_magnet":12,"minecraft:stick":736,"occultism:silver_ore_deepslate":3,"ironchest:obsidian_chest":2,"createoreexcavation:drilling_machine":2,"mekanismgenerators:fission_reactor_port":5,"create:dough":102,"mekanism:block_raw_tin":15,"byg:green_mushroom":1,"minecraft:torch":345,"minecraft:porkchop":18,"minecraft:diorite":267,"mekanism:energy_tablet":1,"create:large_cogwheel":6,"fluxnetworks:flux_plug":7,"mekanism:ultimate_universal_cable":21,"minecraft:cactus":1,"minecraft:nether_gold_ore":47,"minecraft:rotten_flesh":55,"byg:embur_gel_ball":4,"mekanism:modification_station":1,"minecraft:obsidian":9,"byg:quartzite_sand":3,"minecraft:blaze_powder":16,"minecraft:cobblestone":2704,"mekanismgenerators:rotational_complex":1,"occultism:datura_seeds":19,"minecraft:magma_cream":8,"minecraft:andesite":142,"alexsmobs:bear_fur":6,"create:belt_connector":5,"minecraft:tuff":386,"create:raw_zinc":175,"ars_nouveau:earth_essence":8,"minecraft:lapis_lazuli":109,"minecraft:dirt":2218,"minecraft:bone":38,"minecraft:glass":21,"mekanismgenerators:turbine_valve":5,"ars_nouveau:source_gem":3,"minecraft:bow":3,"minecraft:orange_tulip":1,"minecraft:wheat_seeds":1097,"minecraft:raw_gold":70,"create_new_age:magnetite_block":20,"byg:warped_coral_block":2,"minecraft:bamboo":549,"minecraft:powered_rail":10,"mekanismgenerators:control_rod_assembly":9,"mekanism:osmium_ore":44,"minecraft:stone_hoe":1,"minecraft:oak_planks":12,"mekanism:rotary_condensentrator":6,"create:cogwheel":7,"minecraft:sand":944,"sophisticatedbackpacks:jukebox_upgrade":1,"minecraft:grass_block":4,"minecraft:spectral_arrow":32,"mekanism:digital_miner":1,"mekanismgenerators:saturating_condenser":24,"create:filter":1,"minecraft:diamond":260,"waystones:waystone":2,"byg:warped_soul_sand":8,"minecraft:crossbow":2,"minecraft:bone_meal":271,"minecraft:oak_sapling":911,"minecraft:netherrack":694,"minecraft:oak_leaves":252,"reliquary:withered_rib":2,"fluxnetworks:flux_dust":80,"minecraft:charcoal":1359,"create_new_age:thorium":14,"mekanism:deepslate_osmium_ore":11,"byg:soapstone":1054,"minecraft:azure_bluet":9,"minecraft:splash_potion":3,"minecraft:chicken":39,"mekanism:solar_neutron_activator":1,"storagedrawers:oak_half_drawers_4":3,"ars_nouveau:warp_scroll":1,"minecraft:diamond_horse_armor":1,"mekanism:deepslate_fluorite_ore":4,"storagedrawers:oak_half_drawers_1":5,"create:chute":2,"minecraft:blackstone":310,"minecraft:light_gray_wool":2,"minecraft:sugar_cane":64,"minecraft:phantom_membrane":9,"minecraft:orange_dye":21,"mekanism:dirty_dust_iron":12,"storagedrawers:oak_trim":5,"minecraft:raw_iron":1036,"mekanism:basic_pressurized_tube":1,"create_sa:steam_engine":1,"create:hand_crank":6,"mekanism:basic_energy_cube":1,"mekanism:thermal_evaporation_block":72,"create:deployer":10,"minecraft:arrow":46,"create:experience_nugget":455,"minecraft:nether_bricks":16,"mekanism:ingot_lead":170,"mekanism:cardboard_box":1,"minecraft:soul_campfire":1,"createaddition:spool":12,"minecraft:wet_sponge":4,"minecraft:basalt":1746,"minecraft:golden_carrot":10,"minecraft:leather":37,"minecraft:crimson_fungus":10,"create:andesite_alloy":50,"minecraft:gunpowder":13,"byg:hanging_sythian_roots":3,"create:copper_nugget":5442,"fluxnetworks:flux_point":10,"mekanism:enrichment_chamber":1,"byg:scoria_cobblestone":276,"mekanismgenerators:fission_fuel_assembly":65,"ars_nouveau:glyph_harvest":1,"fluxnetworks:flux_controller":1,"minecraft:iron_ingot":43,"storagedrawers:oak_full_drawers_1":11,"minecraft:soul_sand":32738,"minecraft:oak_slab":59,"create:large_water_wheel":4,"minecraft:warped_fungus":68,"mekanism:ultimate_pressurized_tube":33,"ars_nouveau:red_archwood_sapling":1,"byg:wailing_bell_blossom":2,"minecraft:quartz":18060,"minecraft:dandelion":53,"mekanism:thermal_evaporation_valve":5,"minecraft:dripstone_block":44,"mekanism:basic_chemical_tank":116,"minecraft:amethyst_shard":6,"create:brass_tunnel":1,"minecraft:gold_ore":1,"minecraft:spider_eye":2,"mekanism:raw_osmium":872,"create:wheat_flour":265,"ars_nouveau:wilden_spike":3,"create:electron_tube":1,"mekanismgenerators:wind_generator":9,"minecraft:lime_dye":1,"create:brass_ingot":13,"create:zinc_nugget":5418,"mekanism:fluorite_gem":707,"minecraft:terracotta":34,"minecraft:coal":287,"minecraft:sunflower":61},"minecraft:dropped":{"byg:biomepedia":1,"occultism:datura_seeds":18,"minecraft:lapis_lazuli":109,"minecraft:warped_roots":3,"ars_nouveau:earth_essence":2,"minecraft:rail":1,"minecraft:dirt":2527,"minecraft:gold_nugget":1,"minecraft:sunflower":60,"minecraft:phantom_membrane":4,"minecraft:sand":128,"byg:embur_gel_ball":4,"alexsmobs:raccoon_tail":1,"minecraft:bone":10,"create_new_age:thorium":84,"minecraft:iron_nugget":244,"alexsmobs:animal_dictionary":1,"minecraft:cobbled_deepslate":27351,"minecraft:wheat":173,"minecraft:obsidian":18,"minecraft:rotten_flesh":18,"create:asurine":57,"minecraft:azure_bluet":9,"mekanism:raw_tin":48,"minecraft:warped_planks":4,"mekanism:energy_tablet":1,"create:limestone":436,"byg:warped_soul_sand":8,"byg:warped_coral_block":2,"minecraft:warped_wart_block":1,"minecraft:iron_ingot":43,"mekanism:dust_steel":4,"minecraft:wheat_seeds":102,"minecraft:deepslate_diamond_ore":2,"minecraft:feather":3,"minecraft:cobblestone":1911,"mekanism:basic_chemical_tank":107,"minecraft:granite":1361,"minecraft:coal":1,"minecraft:oxeye_daisy":6,"minecraft:string":1,"create:raw_zinc":502,"minecraft:soul_soil":30,"minecraft:clay_ball":128,"minecraft:iron_boots":1,"byg:blue_netherrack":39,"create_new_age:magnetite_block":9,"minecraft:spider_eye":1,"minecraft:bow":1,"minecraft:warped_stem":327,"minecraft:soul_sand":13,"minecraft:diamond_axe":1,"minecraft:oak_log":1551,"minecraft:flint":5421,"minecraft:cornflower":7,"gravestone:obituary":3,"byg:scoria_cobblestone":273,"minecraft:gravel":263,"minecraft:blackstone":3227,"byg:subzero_ash_block":3,"mekanism:basic_universal_cable":2,"minecraft:poppy":1,"minecraft:gunpowder":4,"create:wheat_flour":166,"minecraft:basalt":10123,"minecraft:arrow":8,"minecraft:quartz":31,"minecraft:netherrack":4088,"minecraft:grass_block":3,"ars_nouveau:worn_notebook":1,"minecraft:diorite":184,"minecraft:nether_gold_ore":47,"minecraft:torch":110,"mekanism:raw_uranium":18,"byg:soapstone":2684,"minecraft:iron_leggings":1,"mekanism:raw_osmium":18,"mekanism:raw_lead":31,"byg:green_mushroom":1,"minecraft:dandelion":52,"minecraft:smooth_basalt":242,"minecraft:redstone":84,"create_new_age:radioactive_thorium":9,"alexsmobs:maggot":4,"minecraft:raw_copper":353,"minecraft:tuff":132,"byg:travertine":84,"minecraft:oak_button":1,"minecraft:iron_chestplate":1,"minecraft:andesite":302,"minecraft:golden_sword":1,"minecraft:raw_gold":6,"minecraft:calcite":158}},"DataVersion":3120}