{"stats":{"minecraft:picked_up":{"minecraft:wheat":222,"minecraft:redstone_block":6,"mekanism:electrolytic_separator":8,"create:mechanical_crafter":2,"mekanism:raw_uranium":1,"minecraft:smithing_table":1,"mekanismgenerators:turbine_casing":10,"minecraft:lead":4,"byg:subzero_ash_block":7,"minecraft:amethyst_block":106,"minecraft:soul_soil":18,"minecraft:string":1,"create:limestone":192,"minecraft:shroomlight":78,"minecraft:smooth_stone":1,"mekanism:basic_universal_cable":16,"minecraft:deepslate_tiles":25,"create:cart_assembler":1,"minecraft:gold_nugget":8876,"minecraft:cobbled_deepslate":181,"minecraft:red_dye":30,"mekanism:ultimate_mechanical_pipe":16,"minecraft:redstone_torch":4,"minecraft:calcite":109,"mekanism:deepslate_uranium_ore":38,"minecraft:stick":121,"ironchest:obsidian_chest":1,"createoreexcavation:drilling_machine":1,"create:dough":102,"create:andesite_casing":65,"byg:green_mushroom":1,"minecraft:torch":170,"minecraft:diorite":16,"mekanism:raw_tin":140,"minecraft:cauldron":5,"minecraft:black_dye":2,"fluxnetworks:flux_plug":4,"mekanism:ultimate_universal_cable":19,"minecraft:nether_gold_ore":47,"minecraft:rotten_flesh":7,"create:copper_casing":3,"byg:embur_gel_ball":4,"minecraft:obsidian":2,"byg:quartzite_sand":3,"minecraft:cobblestone":1838,"minecraft:furnace_minecart":3,"occultism:datura_seeds":17,"minecraft:andesite":141,"minecraft:flint":18,"minecraft:tuff":16,"create:raw_zinc":163,"minecraft:dirt":1375,"minecraft:glass":20,"minecraft:bone":7,"mekanism:chemical_crystallizer":1,"minecraft:wheat_seeds":728,"create:mechanical_drill":5,"create_new_age:magnetite_block":11,"create:shaft":2,"byg:warped_coral_block":2,"mekanism:pressure_disperser":1,"minecraft:bamboo":54,"minecraft:glowstone_dust":35,"minecraft:powered_rail":2,"minecraft:oak_planks":1,"mekanism:chemical_infuser":5,"mekanism:rotary_condensentrator":3,"create:cogwheel":1,"minecraft:warped_wart_block":1937,"minecraft:crimson_roots":1,"sophisticatedbackpacks:iron_backpack":9,"mekanism:resistive_heater":1,"minecraft:grass_block":4,"minecraft:barrel":1,"mekanism:basic_mechanical_pipe":9,"mekanismgenerators:turbine_vent":1,"mekanism:induction_casing":3,"minecraft:deepslate":2,"minecraft:diamond":52,"waystones:waystone":1,"byg:warped_soul_sand":8,"minecraft:deepslate_gold_ore":6,"minecraft:granite":153,"byg:travertine":101,"minecraft:bone_meal":146,"alexsmobs:maggot":4,"minecraft:bread":1,"minecraft:oak_sapling":310,"minecraft:netherrack":680,"minecraft:oak_leaves":236,"fluxnetworks:flux_dust":16,"minecraft:charcoal":847,"minecraft:crafting_table":1,"create_new_age:thorium":5,"byg:soapstone":780,"minecraft:azure_bluet":5,"mekanism:thermal_evaporation_controller":1,"minecraft:cornflower":7,"create:fluid_pipe":1,"mekanism:pressurized_reaction_chamber":1,"create:chute":1,"minecraft:blackstone":298,"create:brass_funnel":1,"minecraft:deepslate_diamond_ore":15,"minecraft:poppy":1,"minecraft:iron_nugget":7889,"mekanism:teleporter_frame":1,"minecraft:minecart":1,"mekanism:structural_glass":5,"minecraft:sugar_cane":16,"minecraft:phantom_membrane":2,"storagedrawers:oak_trim":1,"minecraft:raw_iron":140,"ironchest:iron_chest":3,"mekanism:basic_energy_cube":1,"create:hand_crank":5,"create:powdered_obsidian":3,"minecraft:carrot":2322,"minecraft:redstone":1,"create:brass_casing":1,"mekanism:thermal_evaporation_block":59,"mekanism:crusher":1,"minecraft:arrow":8,"mekanism:ultimate_logistical_transporter":3,"create:experience_nugget":35,"byg:blue_netherrack":229,"minecraft:oxeye_daisy":6,"minecraft:rail":10,"minecraft:basalt":1696,"mekanism:raw_lead":8,"minecraft:leather":4,"mekanismgenerators:gas_burning_generator":1,"minecraft:crimson_fungus":1,"minecraft:oak_log":1179,"minecraft:ancient_debris":5,"minecraft:gunpowder":1,"create:copper_nugget":5442,"mekanism:enrichment_chamber":1,"fluxnetworks:flux_point":6,"byg:scoria_cobblestone":195,"minecraft:apple":17,"minecraft:warped_stem":334,"minecraft:iron_ingot":43,"fluxnetworks:flux_controller":1,"storagedrawers:oak_full_drawers_1":7,"minecraft:warped_fungus":26,"minecraft:soul_sand":32716,"create:mechanical_saw":7,"minecraft:smooth_basalt":113,"mekanism:ultimate_pressurized_tube":3,"minecraft:quartz":10,"minecraft:dandelion":47,"mekanism:thermal_evaporation_valve":3,"mekanism:basic_chemical_tank":4,"minecraft:gravel":9,"minecraft:amethyst_shard":6,"mekanism:raw_osmium":77,"minecraft:spider_eye":1,"create:wheat_flour":265,"create:electron_tube":1,"mekanismgenerators:wind_generator":2,"cookingforblockheads:sink":5,"create:zinc_nugget":5418,"minecraft:diamond_axe":1,"create:mechanical_pump":1,"mekanism:fluorite_gem":100,"minecraft:deepslate_redstone_ore":38,"minecraft:warped_roots":36,"minecraft:oak_button":2,"minecraft:coal":255,"minecraft:sunflower":56,"minecraft:ender_pearl":5},"minecraft:mined":{"mekanismgenerators:wind_generator":2,"minecraft:oak_sapling":15,"create:copper_casing":3,"byg:green_mushroom_block":1,"mekanism:electrolytic_separator":8,"create:andesite_casing":65,"mekanism:structural_glass":5,"mekanism:teleporter_frame":1,"minecraft:obsidian":1,"minecraft:granite":14,"mekanism:chemical_infuser":5,"minecraft:grass_block":784,"sophisticatedbackpacks:iron_backpack":9,"minecraft:soul_soil":27,"mekanism:rotary_condensentrator":3,"minecraft:crimson_fungus":1,"minecraft:oxeye_daisy":2,"minecraft:smooth_stone":1,"minecraft:glowstone":9,"byg:blue_nether_quartz_ore":5,"minecraft:cobbled_deepslate":6,"minecraft:iron_ore":55,"minecraft:barrel":1,"minecraft:fire":17,"byg:prairie_grass":2,"byg:quartzite_sand":3,"mekanism:thermal_evaporation_valve":3,"create:cogwheel":1,"mekanism:osmium_ore":32,"mekanism:induction_casing":3,"minecraft:blackstone":46,"fluxnetworks:flux_point":6,"mekanismgenerators:turbine_vent":1,"ars_nouveau:light_block":1,"mekanism:enrichment_chamber":1,"minecraft:torch":31,"mekanism:ultimate_pressurized_tube":3,"minecraft:calcite":28,"mekanism:tin_ore":68,"create:brass_casing":1,"minecraft:glass":5,"minecraft:nether_quartz_ore":5,"minecraft:cobblestone":12,"minecraft:oak_planks":1,"minecraft:sugar_cane":8,"minecraft:cauldron":5,"minecraft:warped_nylium":1,"byg:soapstone":50,"minecraft:powered_rail":1,"byg:warped_coral_block":2,"minecraft:wheat":222,"storagedrawers:oak_full_drawers_1":7,"minecraft:warped_fungus":27,"byg:subzero_ash_block":9,"ironchest:obsidian_chest":1,"minecraft:grass":300,"mekanism:deepslate_tin_ore":6,"minecraft:oak_log":132,"mekanism:lead_ore":3,"create:hand_crank":4,"byg:warped_soul_sand":18,"minecraft:dirt":638,"mekanism:basic_universal_cable":14,"minecraft:netherrack":636,"minecraft:ancient_debris":5,"minecraft:oak_leaves":282,"minecraft:deepslate":66,"byg:travertine":108,"create:zinc_ore":71,"create:brass_funnel":1,"minecraft:nether_gold_ore":1,"minecraft:deepslate_tiles":25,"minecraft:tuff":8,"fluxnetworks:flux_controller":1,"minecraft:deepslate_diamond_ore":21,"mekanism:basic_mechanical_pipe":9,"mekanism:deepslate_osmium_ore":2,"minecraft:crimson_roots":1,"create_new_age:thorium_ore":1,"mekanism:basic_chemical_tank":4,"minecraft:redstone_wire":1,"mekanism:resistive_heater":1,"mekanism:ultimate_universal_cable":19,"byg:blue_netherrack":233,"create:shaft":2,"minecraft:carrots":442,"minecraft:nether_sprouts":24,"storagedrawers:oak_trim":1,"mekanism:ultimate_mechanical_pipe":16,"minecraft:andesite":6,"mekanism:thermal_evaporation_controller":1,"minecraft:shroomlight":2,"minecraft:warped_stem":20,"minecraft:deepslate_iron_ore":8,"mekanismgenerators:gas_burning_generator":1,"create:cart_assembler":1,"minecraft:rail":2,"mekanismgenerators:turbine_casing":10,"create:chute":1,"ironchest:iron_chest":3,"mekanism:chemical_crystallizer":1,"minecraft:bamboo_sapling":1,"minecraft:bamboo":4,"minecraft:stone":623,"minecraft:redstone_wall_torch":1,"minecraft:smithing_table":1,"mekanism:crusher":1,"minecraft:redstone_block":8,"minecraft:soul_sand":10,"mekanism:thermal_evaporation_block":59,"minecraft:basalt":256,"mekanism:basic_energy_cube":1,"create_new_age:magnetite_block":11,"minecraft:dandelion":9,"minecraft:cornflower":1,"minecraft:crafting_table":1,"create:fluid_pipe":1,"create:mechanical_pump":1,"mekanism:pressure_disperser":1,"minecraft:warped_roots":36,"minecraft:tall_grass":55,"minecraft:diorite":16,"minecraft:warped_wart_block":96,"create:mechanical_saw":7,"cookingforblockheads:sink":5,"mekanism:pressurized_reaction_chamber":1,"byg:scoria_stone":195,"fluxnetworks:flux_plug":4,"minecraft:redstone_torch":3,"create:mechanical_drill":5,"minecraft:coal_ore":108,"byg:embur_gel_block":1,"create:mechanical_crafter":1,"minecraft:sunflower":51,"minecraft:gravel":2,"mekanism:deepslate_fluorite_ore":17,"mekanism:deepslate_uranium_ore":1,"minecraft:oak_button":2,"mekanism:ultimate_logistical_transporter":3},"minecraft:dropped":{"byg:biomepedia":1,"minecraft:soul_sand":8,"occultism:datura_seeds":17,"minecraft:diamond_axe":1,"minecraft:oak_log":975,"minecraft:warped_roots":2,"minecraft:flint":2775,"minecraft:dirt":2496,"minecraft:cornflower":7,"minecraft:sunflower":56,"minecraft:phantom_membrane":2,"minecraft:sand":128,"byg:embur_gel_ball":4,"byg:scoria_cobblestone":195,"minecraft:bone":5,"minecraft:gravel":87,"create_new_age:thorium":42,"minecraft:blackstone":3220,"alexsmobs:animal_dictionary":1,"minecraft:cobbled_deepslate":1,"minecraft:iron_nugget":244,"byg:subzero_ash_block":3,"minecraft:wheat":173,"minecraft:obsidian":3,"minecraft:rotten_flesh":7,"create:asurine":57,"minecraft:azure_bluet":5,"mekanism:basic_universal_cable":2,"minecraft:poppy":1,"minecraft:gunpowder":1,"byg:warped_soul_sand":8,"byg:warped_coral_block":2,"create:limestone":436,"create:wheat_flour":166,"minecraft:arrow":1,"minecraft:basalt":10119,"minecraft:quartz":31,"minecraft:netherrack":4087,"minecraft:iron_ingot":43,"mekanism:dust_steel":4,"minecraft:wheat_seeds":95,"minecraft:cobblestone":1391,"minecraft:granite":1105,"minecraft:grass_block":3,"minecraft:coal":1,"minecraft:oxeye_daisy":6,"ars_nouveau:worn_notebook":1,"minecraft:nether_gold_ore":47,"minecraft:torch":110,"byg:soapstone":2556,"minecraft:iron_leggings":1,"byg:green_mushroom":1,"minecraft:string":1,"create:raw_zinc":8,"minecraft:smooth_basalt":177,"minecraft:dandelion":46,"minecraft:redstone":16,"alexsmobs:maggot":4,"minecraft:soul_soil":18,"minecraft:raw_copper":289,"minecraft:tuff":6,"minecraft:iron_boots":1,"byg:travertine":84,"byg:blue_netherrack":39,"minecraft:oak_button":1,"minecraft:iron_chestplate":1,"minecraft:andesite":302,"minecraft:spider_eye":1,"minecraft:calcite":158},"minecraft:killed":{"minecraft:spider":2,"minecraft:skeleton":10,"minecraft:piglin":1,"mekanismadditions:baby_enderman":3,"alexsmobs:stradpole":2,"minecraft:creeper":3,"minecraft:trader_llama":3,"minecraft:pillager":1,"minecraft:zombie":8,"minecraft:ghast":1,"alexsmobs:fly":2,"minecraft:phantom":4,"mekanismadditions:baby_skeleton":2,"minecraft:bat":1,"minecraft:wandering_trader":1,"alexsmobs:cockroach":2,"minecraft:enderman":4},"minecraft:custom":{"minecraft:interact_with_crafting_table":196,"minecraft:open_barrel":6,"minecraft:leave_game":7,"minecraft:time_since_death":1591568,"minecraft:sprint_one_cm":2930708,"minecraft:drop":659,"minecraft:talked_to_villager":2,"minecraft:play_time":1591568,"minecraft:jump":3471,"minecraft:walk_on_water_one_cm":13901,"minecraft:interact_with_furnace":7,"minecraft:traded_with_villager":16,"minecraft:sleep_in_bed":25,"minecraft:waystone_activated":2,"minecraft:damage_dealt":11258,"minecraft:crouch_one_cm":110352,"minecraft:interact_with_smithing_table":2,"minecraft:mob_kills":53,"minecraft:fill_cauldron":2,"minecraft:walk_one_cm":1857679,"minecraft:sneak_time":41351,"minecraft:walk_under_water_one_cm":24415,"minecraft:total_world_time":1591568,"minecraft:time_since_rest":10690,"minecraft:damage_taken":5704,"minecraft:swim_one_cm":13336,"minecraft:fly_one_cm":1547210,"minecraft:open_chest":1106,"minecraft:fall_one_cm":246239},"minecraft:crafted":{"minecraft:oak_planks":480,"mekanism:advanced_induction_provider":1,"createoreexcavation:vein_finder":1,"mekanism:ingot_osmium":18,"mekanism:electrolytic_separator":3,"mekanism:electrolytic_core":4,"mekanismgenerators:gas_burning_generator":1,"mekanism:advanced_energy_cube":2,"mekanism:induction_port":2,"mekanism:gauge_dropper":1,"fluxnetworks:flux_point":1,"mekanismgenerators:turbine_casing":244,"create:deployer":12,"minecraft:iron_bars":128,"mekanismgenerators:turbine_valve":2,"mekanism:basic_tier_installer":1,"mekanism:thermal_evaporation_controller":2,"minecraft:diamond_helmet":1,"minecraft:iron_boots":1,"minecraft:diamond_leggings":1,"mekanism:pressure_disperser":24,"minecraft:netherite_boots":1,"mekanism:block_raw_tin":15,"create:cart_assembler":1,"mekanism:isotopic_centrifuge":1,"mekanism:chemical_dissolution_chamber":1,"minecraft:comparator":4,"mekanism:elite_universal_cable":64,"minecraft:chest":8,"minecraft:netherite_helmet":1,"mekanism:rotary_condensentrator":2,"create:spout":2,"minecraft:oak_button":3,"mekanism:basic_fluid_tank":2,"minecraft:rail":32,"mekanism:elite_mechanical_pipe":64,"storagedrawers:controller_slave":2,"mekanism:elite_control_circuit":9,"minecraft:ender_eye":5,"create:cogwheel":18,"mekanism:basic_induction_cell":4,"mekanism:energy_tablet":61,"create:brass_hand":12,"minecraft:raw_iron_block":22,"fluxnetworks:flux_core":16,"mekanism:advanced_logistical_transporter":64,"mekanism:block_charcoal":123,"minecraft:furnace_minecart":1,"minecraft:oak_slab":12,"create:depot":1,"minecraft:emerald":16,"mekanism:chemical_infuser":2,"minecraft:cauldron":1,"mekanism:teleporter":2,"create:mechanical_saw":24,"minecraft:iron_helmet":1,"create:brass_block":4,"storagedrawers:oak_full_drawers_1":2,"minecraft:smithing_table":1,"mekanism:advanced_thermodynamic_conductor":64,"mekanism:thermal_evaporation_block":108,"mekanism:advanced_pressurized_tube":64,"mekanism:teleportation_core":3,"mekanism:solar_neutron_activator":1,"ironchest:diamond_chest":3,"mekanism:structural_glass":88,"minecraft:iron_chestplate":1,"mekanism:steel_casing":32,"minecraft:composter":1,"minecraft:stick":592,"mekanism:crusher":1,"minecraft:iron_ingot":1895,"mekanism:induction_casing":32,"mekanism:hazmat_gown":1,"minecraft:iron_block":88,"mekanism:resistive_heater":1,"minecraft:gold_ingot":110,"mekanism:upgrade_gas":8,"create:large_cogwheel":15,"minecraft:redstone_torch":16,"minecraft:netherite_ingot":4,"mekanismgenerators:electromagnetic_coil":2,"mekanism:thermal_evaporation_valve":7,"minecraft:deepslate_bricks":44,"mekanism:elite_pressurized_tube":64,"minecraft:shears":1,"mekanismgenerators:turbine_rotor":4,"mekanism:basic_logistical_transporter":64,"mekanism:advanced_universal_cable":64,"minecraft:redstone":99,"mekanism:basic_universal_cable":64,"mekanismgenerators:wind_generator":1,"minecraft:iron_nugget":153,"mekanism:pressurized_reaction_chamber":3,"mekanism:basic_chemical_tank":18,"minecraft:furnace":1,"mekanism:energized_smelter":1,"minecraft:piston":8,"mekanism:portable_teleporter":1,"minecraft:bone_meal":6,"minecraft:glass_pane":32,"mekanism:chemical_oxidizer":1,"mekanism:basic_pressurized_tube":64,"storagedrawers:emerald_storage_upgrade":8,"mekanism:hazmat_boots":1,"minecraft:netherite_chestplate":1,"mekanism:elite_thermodynamic_conductor":64,"mekanism:teleporter_frame":18,"minecraft:netherite_leggings":1,"mekanism:basic_induction_provider":4,"minecraft:polished_deepslate":44,"minecraft:iron_hoe":1,"minecraft:diamond_boots":1,"mekanism:geiger_counter":1,"mekanism:personal_chest":1,"minecraft:redstone_block":1,"mekanismgenerators:saturating_condenser":24,"create:electron_tube":13,"mekanism:block_raw_osmium":11,"minecraft:minecart":1,"minecraft:wheat":63,"storagedrawers:oak_trim":8,"ironchest:gold_chest":3,"mekanism:advanced_induction_cell":1,"mekanismgenerators:turbine_vent":46,"mekanism:hazmat_mask":1,"mekanism:dynamic_tank":4,"minecraft:powered_rail":18,"mekanism:ultimate_control_circuit":6,"minecraft:bucket":35,"mekanism:chemical_crystallizer":1,"minecraft:deepslate_tiles":44,"mekanism:upgrade_speed":24,"minecraft:air":0,"mekanism:basic_thermodynamic_conductor":64,"create:raw_zinc_block":11,"mekanism:hazmat_pants":1,"storagedrawers:compacting_drawers_3":4,"mekanism:block_raw_uranium":12,"mekanismgenerators:turbine_blade":8,"mekanism:basic_energy_cube":10,"mekanism:enrichment_chamber":4,"mekanism:upgrade_energy":24,"ironchest:obsidian_chest":3,"mekanism:advanced_mechanical_pipe":64,"minecraft:iron_leggings":1,"mekanismgenerators:rotational_complex":1,"mekanism:advanced_control_circuit":27,"mekanism:basic_mechanical_pipe":64,"create:mechanical_drill":40,"mekanism:elite_logistical_transporter":64,"minecraft:torch":256,"cookingforblockheads:sink":6,"minecraft:clay":31,"minecraft:diamond_chestplate":1},"minecraft:used":{"byg:travertine":17,"create:deployer":16,"mekanism:pressure_disperser":25,"mekanism:ultimate_thermodynamic_conductor":4,"mekanismgenerators:rotational_complex":1,"fluxnetworks:flux_plug":4,"minecraft:soul_sand":1,"create:minecart_contraption":1,"mekanism:basic_mechanical_pipe":12,"mekanism:ultimate_pressurized_tube":5,"create:cogwheel":8,"minecraft:carrot":744,"create:mechanical_crafter":28,"minecraft:furnace_minecart":4,"create:depot":1,"mekanism:basic_universal_cable":39,"minecraft:tuff":3,"mekanismgenerators:turbine_rotor":4,"minecraft:obsidian":2,"mekanism:basic_energy_cube":1,"minecraft:glass":69,"minecraft:lava_bucket":21,"minecraft:grass_block":1,"mekanismgenerators:wind_generator":3,"mekanismgenerators:electromagnetic_coil":2,"minecraft:warped_nylium":1,"minecraft:crimson_roots":1,"mekanism:basic_tier_installer":1,"minecraft:deepslate_diamond_ore":19,"minecraft:warped_fungus":7,"create:mechanical_drill":53,"create:shaft":8,"minecraft:oak_sapling":103,"ironchest:obsidian_chest":4,"mekanismgenerators:gas_burning_generator":2,"mekanism:ultimate_mechanical_pipe":26,"minecraft:diorite":16,"create:crushing_wheel":2,"mekanism:induction_port":1,"minecraft:powered_rail":11,"minecraft:oak_planks":1,"minecraft:blackstone":7,"minecraft:composter":1,"minecraft:redstone_block":8,"minecraft:sugar_cane":1,"minecraft:diamond_axe":93,"create:mechanical_saw":80,"minecraft:oak_leaves":5,"create:spout":1,"mekanism:chemical_dissolution_chamber":1,"byg:quartzite_sand":3,"mekanismgenerators:turbine_vent":41,"minecraft:shears":243,"minecraft:deepslate_tiles":46,"minecraft:redstone_torch":8,"waystones:waystone":1,"mekanism:teleporter":1,"mekanism:crusher":2,"minecraft:deepslate_iron_ore":8,"minecraft:bread":170,"mekanism:upgrade_speed":5,"mekanism:thermal_evaporation_controller":3,"mekanism:basic_pressurized_tube":1,"minecraft:deepslate":2,"mekanism:rotary_condensentrator":5,"minecraft:gravel":9,"storagedrawers:quantify_key":9,"storagedrawers:oak_trim":12,"mekanism:ultimate_logistical_transporter":4,"mekanism:advanced_induction_cell":1,"minecraft:smithing_table":2,"minecraft:andesite":1,"create:vertical_gearbox":3,"minecraft:bone_meal":182,"cookingforblockheads:sink":9,"create:large_cogwheel":1,"storagedrawers:oak_full_drawers_1":9,"mekanism:enrichment_chamber":2,"sophisticatedbackpacks:iron_backpack":9,"minecraft:flint_and_steel":19,"mekanism:configurator":55,"minecraft:redstone":1,"minecraft:netherrack":108,"minecraft:torch":274,"minecraft:warped_wart_block":388,"create:mechanical_pump":2,"minecraft:dirt":1295,"minecraft:ancient_debris":2,"minecraft:granite":2,"create:chute":3,"minecraft:iron_hoe":153,"mekanism:chemical_oxidizer":1,"create:wrench":124,"create:cart_assembler":24,"mekanism:teleporter_frame":10,"minecraft:barrel":1,"minecraft:bamboo":1,"mekanism:upgrade_energy":5,"create:encased_chain_drive":15,"minecraft:basalt":38,"byg:blue_netherrack":39,"minecraft:minecart":2,"create:fluid_pipe":2,"mekanism:electrolytic_separator":10,"mekanism:pressurized_reaction_chamber":4,"minecraft:cobbled_deepslate":58,"create:belt_connector":2,"minecraft:calcite":15,"minecraft:wheat_seeds":110,"minecraft:water_bucket":13,"minecraft:warped_stem":1,"storagedrawers:compacting_drawers_3":4,"mekanism:isotopic_centrifuge":1,"fluxnetworks:flux_point":7,"mekanism:ultimate_universal_cable":53,"minecraft:cauldron":6,"minecraft:warped_roots":34,"mekanism:chemical_infuser":6,"create:furnace_minecart_contraption":29,"fluxnetworks:flux_controller":1,"minecraft:rail":65,"create:brass_funnel":6,"minecraft:crafting_table":1,"mekanismgenerators:turbine_casing":156,"mekanism:thermal_evaporation_valve":10,"mekanism:advanced_induction_provider":1,"mekanism:induction_casing":29,"mekanismgenerators:turbine_valve":2,"minecraft:oak_log":97,"minecraft:diamond_pickaxe":881,"mekanism:basic_chemical_tank":6,"mekanism:atomic_disassembler":4519,"create:mechanical_press":1,"minecraft:oak_button":8,"mekanism:structural_glass":90,"storagedrawers:controller_slave":2,"mekanism:energized_smelter":1,"mekanism:chemical_crystallizer":2,"byg:soapstone":77,"minecraft:cobblestone":152,"createoreexcavation:vein_finder":6,"minecraft:cooked_porkchop":2,"minecraft:bucket":18,"mekanismgenerators:saturating_condenser":24,"alexsmobs:animal_dictionary":1,"create:hand_crank":56,"mekanism:thermal_evaporation_block":122,"minecraft:kelp":9,"minecraft:dandelion":1,"minecraft:smooth_stone":50,"byg:subzero_ash_block":4,"mekanism:resistive_heater":2},"minecraft:broken":{"minecraft:shears":1,"minecraft:iron_helmet":1}},"DataVersion":3120}