{
  "ars_nouveau:recipes/ars_nouveau/alchemical_sourcelink": {
    "criteria": {
      "has_journal": "2024-07-30 20:54:17 +0000"
    },
    "done": true
  },
  "ars_nouveau:recipes/ars_nouveau/red_archwood_wood": {
    "criteria": {
      "has_journal": "2024-07-30 20:54:17 +0000"
    },
    "done": true
  },
  "minecraft:recipes/building_blocks/black_stained_glass": {
    "criteria": {
      "has_glass": "2024-08-10 17:19:12 +0000"
    },
    "done": true
  },
  "ars_elemental:recipes/ars_nouveau/tablet_ritual_tesla_coil": {
    "criteria": {
      "has_journal": "2024-07-30 20:54:17 +0000"
    },
    "done": true
  },
  "ars_nouveau:recipes/ars_nouveau/source_berry_roll": {
    "criteria": {
      "has_journal": "2024-07-30 20:54:17 +0000"
    },
    "done": true
  },
  "create:wrench_goggles": {
    "criteria": {
      "1": "2024-08-10 17:18:16 +0000"
    },
    "done": false
  },
  "minecraft:recipes/redstone/lever": {
    "criteria": {
      "has_cobblestone": "2024-08-10 17:18:52 +0000"
    },
    "done": true
  },
  "ars_nouveau:recipes/ars_nouveau/sourcestone_20": {
    "criteria": {
      "has_journal": "2024-07-30 20:54:17 +0000"
    },
    "done": true
  },
  "ars_nouveau:recipes/ars_nouveau/sourcestone_21": {
    "criteria": {
      "has_journal": "2024-07-30 20:54:17 +0000"
    },
    "done": true
  },
  "create:recipes/create.base/crafting/appliances/copper_backtank": {
    "criteria": {
      "has_item": "2024-08-10 17:18:16 +0000"
    },
    "done": true
  },
  "naturescompass:natures_compass": {
    "criteria": {
      "has_compass": "2024-07-30 20:54:16 +0000"
    },
    "done": true
  },
  "ars_nouveau:recipes/ars_nouveau/sourcestone_17": {
    "criteria": {
      "has_journal": "2024-07-30 20:54:17 +0000"
    },
    "done": true
  },
  "ars_nouveau:recipes/ars_nouveau/sourcestone_18": {
    "criteria": {
      "has_journal": "2024-07-30 20:54:17 +0000"
    },
    "done": true
  },
  "ars_nouveau:recipes/ars_nouveau/sourcestone_19": {
    "criteria": {
      "has_journal": "2024-07-30 20:54:17 +0000"
    },
    "done": true
  },
  "create:recipes/create.base/crafting/appliances/copper_diving_boots": {
    "criteria": {
      "has_item": "2024-08-10 17:18:16 +0000"
    },
    "done": true
  },
  "minecraft:recipes/building_blocks/gray_stained_glass": {
    "criteria": {
      "has_glass": "2024-08-10 17:19:12 +0000"
    },
    "done": true
  },
  "createdeco:recipes/createdeco.metals/copper_door": {
    "criteria": {
      "has_item": "2024-08-10 17:18:16 +0000"
    },
    "done": true
  },
  "ars_nouveau:recipes/ars_nouveau/lava_lily": {
    "criteria": {
      "has_journal": "2024-07-30 20:54:17 +0000"
    },
    "done": true
  },
  "ars_nouveau:recipes/ars_nouveau/falseweave": {
    "criteria": {
      "has_journal": "2024-07-30 20:54:17 +0000"
    },
    "done": true
  },
  "minecraft:recipes/building_blocks/purple_stained_glass": {
    "criteria": {
      "has_glass": "2024-08-10 17:19:12 +0000"
    },
    "done": true
  },
  "minecraft:recipes/building_blocks/copper_block": {
    "criteria": {
      "has_copper_ingot": "2024-08-10 17:18:16 +0000"
    },
    "done": true
  },
  "createdeco:recipes/createdeco.metals/andesite_bars_from_andesite_alloy_stonecutting": {
    "criteria": {
      "has_andesite_alloy": "2024-08-10 17:18:16 +0000"
    },
    "done": true
  },
  "minecraft:recipes/decorations/chest": {
    "criteria": {
      "has_lots_of_items": "2024-08-10 17:18:17 +0000"
    },
    "done": true
  },
  "ars_nouveau:recipes/ars_nouveau/smooth_gilded_sourcestone_small_bricks_stone_cutterslab": {
    "criteria": {
      "has_journal": "2024-07-30 20:54:17 +0000"
    },
    "done": true
  },
  "create:recipes/create.palettes/copper_shingles_from_ingots_copper_stonecutting": {
    "criteria": {
      "has_ingots_copper": "2024-08-10 17:18:16 +0000"
    },
    "done": true
  },
  "minecraft:recipes/transportation/mangrove_boat": {
    "criteria": {
      "in_water": "2024-07-30 21:09:22 +0000"
    },
    "done": true
  },
  "ars_nouveau:recipes/ars_nouveau/sourcestone_mosaic_stairs": {
    "criteria": {
      "has_journal": "2024-07-30 20:54:17 +0000"
    },
    "done": true
  },
  "minecraft:recipes/misc/stick": {
    "criteria": {
      "has_the_recipe": "2024-08-10 17:20:36 +0000"
    },
    "done": true
  },
  "ars_nouveau:recipes/ars_nouveau/smooth_gilded_sourcestone_mosaic_to_sourcestone": {
    "criteria": {
      "has_journal": "2024-07-30 20:54:17 +0000"
    },
    "done": true
  },
  "ars_nouveau:recipes/ars_nouveau/smooth_sourcestone_basketweave_stairs": {
    "criteria": {
      "has_journal": "2024-07-30 20:54:17 +0000"
    },
    "done": true
  },
  "create:recipes/create.base/crafting/kinetics/sticky_mechanical_piston": {
    "criteria": {
      "has_item": "2024-08-10 17:18:16 +0000"
    },
    "done": true
  },
  "ars_nouveau:recipes/ars_nouveau/blue_sbed": {
    "criteria": {
      "has_journal": "2024-07-30 20:54:17 +0000"
    },
    "done": true
  },
  "ars_nouveau:recipes/ars_nouveau/gilded_sourcestone_basketweave_to_sourcestone": {
    "criteria": {
      "has_journal": "2024-07-30 20:54:17 +0000"
    },
    "done": true
  },
  "ars_nouveau:recipes/ars_nouveau/scribes_table": {
    "criteria": {
      "has_journal": "2024-07-30 20:54:17 +0000"
    },
    "done": true
  },
  "ars_nouveau:recipes/ars_nouveau/sourcestone_alternating_stairs": {
    "criteria": {
      "has_journal": "2024-07-30 20:54:17 +0000"
    },
    "done": true
  },
  "ars_nouveau:recipes/ars_nouveau/smooth_gilded_sourcestone_mosaic_stone_cutterslab": {
    "criteria": {
      "has_journal": "2024-07-30 20:54:17 +0000"
    },
    "done": true
  },
  "ars_nouveau:recipes/building_blocks/conjuration_essence_to_soul_sand": {
    "criteria": {
      "has_journal": "2024-07-30 20:54:17 +0000"
    },
    "done": true
  },
  "ars_nouveau:recipes/ars_nouveau/ritual_containment": {
    "criteria": {
      "has_journal": "2024-07-30 20:54:17 +0000"
    },
    "done": true
  },
  "ars_nouveau:recipes/ars_nouveau/smooth_sourcestone_basketweave_stonecutter_stair": {
    "criteria": {
      "has_journal": "2024-07-30 20:54:17 +0000"
    },
    "done": true
  },
  "minecraft:recipes/building_blocks/cobblestone_slab": {
    "criteria": {
      "has_cobblestone": "2024-08-10 17:18:52 +0000"
    },
    "done": true
  },
  "ars_nouveau:recipes/ars_nouveau/starbuncle_shades": {
    "criteria": {
      "has_journal": "2024-07-30 20:54:17 +0000"
    },
    "done": true
  },
  "create:recipes/create.base/crafting/kinetics/metal_bracket": {
    "criteria": {
      "has_item": "2024-08-10 17:18:16 +0000"
    },
    "done": true
  },
  "create:recipes/create.base/crafting/materials/copper_nugget": {
    "criteria": {
      "has_item": "2024-08-10 17:18:16 +0000"
    },
    "done": true
  },
  "create:recipes/create.palettes/cut_tuff_bricks_from_stone_types_tuff_stonecutting": {
    "criteria": {
      "has_stone_types_tuff": "2024-08-10 17:21:01 +0000"
    },
    "done": true
  },
  "ars_nouveau:recipes/ars_nouveau/purple_archwood_wood": {
    "criteria": {
      "has_journal": "2024-07-30 20:54:17 +0000"
    },
    "done": true
  },
  "ars_nouveau:recipes/ars_nouveau/manipulation_essence_to_blazin_sapling": {
    "criteria": {
      "has_journal": "2024-07-30 20:54:17 +0000"
    },
    "done": true
  },
  "ars_nouveau:recipes/building_blocks/manipulation_essence_to_andesite": {
    "criteria": {
      "has_journal": "2024-07-30 20:54:17 +0000"
    },
    "done": true
  },
  "ars_nouveau:recipes/ars_nouveau/sourcestone_basketweave_stonecutter_stair": {
    "criteria": {
      "has_journal": "2024-07-30 20:54:17 +0000"
    },
    "done": true
  },
  "ars_nouveau:recipes/ars_nouveau/sourcestone_10": {
    "criteria": {
      "has_journal": "2024-07-30 20:54:17 +0000"
    },
    "done": true
  },
  "ars_nouveau:recipes/building_blocks/manipulation_essence_to_mycelium": {
    "criteria": {
      "has_journal": "2024-07-30 20:54:17 +0000"
    },
    "done": true
  },
  "ars_nouveau:recipes/ars_nouveau/sourcestone_11": {
    "criteria": {
      "has_journal": "2024-07-30 20:54:17 +0000"
    },
    "done": true
  },
  "naturescompass:natures_compass_sapling": {
    "criteria": {
      "has_recipe": "2024-07-30 20:54:16 +0000"
    },
    "done": true
  },
  "ars_nouveau:recipes/ars_nouveau/sourcestone_12": {
    "criteria": {
      "has_journal": "2024-07-30 20:54:17 +0000"
    },
    "done": true
  },
  "ars_nouveau:recipes/ars_nouveau/sourcestone_13": {
    "criteria": {
      "has_journal": "2024-07-30 20:54:17 +0000"
    },
    "done": true
  },
  "ars_nouveau:recipes/ars_nouveau/sourcestone_14": {
    "criteria": {
      "has_journal": "2024-07-30 20:54:17 +0000"
    },
    "done": true
  },
  "ars_nouveau:recipes/ars_nouveau/sourcestone_15": {
    "criteria": {
      "has_journal": "2024-07-30 20:54:17 +0000"
    },
    "done": true
  },
  "ars_nouveau:recipes/ars_nouveau/sourcestone_16": {
    "criteria": {
      "has_journal": "2024-07-30 20:54:17 +0000"
    },
    "done": true
  },
  "comforts:sleeping_bag_light_blue_from_white": {
    "criteria": {
      "has_sleeping_bag": "2024-08-10 17:18:16 +0000"
    },
    "done": true
  },
  "ars_nouveau:recipes/ars_nouveau/archwood_planks": {
    "criteria": {
      "has_journal": "2024-07-30 20:54:17 +0000"
    },
    "done": true
  },
  "create:recipes/create.base/crafting/kinetics/basin": {
    "criteria": {
      "has_item": "2024-08-10 17:18:16 +0000"
    },
    "done": true
  },
  "createdeco:recipes/createdeco.metals/copper_bars_from_copper_ingot_stonecutting": {
    "criteria": {
      "has_copper_ingot": "2024-08-10 17:18:16 +0000"
    },
    "done": true
  },
  "create:recipes/create.palettes/cut_tuff_slab_from_stone_types_tuff_stonecutting": {
    "criteria": {
      "has_stone_types_tuff": "2024-08-10 17:21:01 +0000"
    },
    "done": true
  },
  "ars_nouveau:recipes/ars_nouveau/potion_diffuser": {
    "criteria": {
      "has_journal": "2024-07-30 20:54:17 +0000"
    },
    "done": true
  },
  "create:recipes/create.palettes/andesite_ladder_from_andesite_alloy_stonecutting": {
    "criteria": {
      "has_andesite_alloy": "2024-08-10 17:18:16 +0000"
    },
    "done": true
  },
  "create:recipes/create.base/crafting/kinetics/mechanical_mixer": {
    "criteria": {
      "has_item": "2024-08-10 17:18:16 +0000"
    },
    "done": true
  },
  "storagedrawers:recipes/storagedrawers/birch_trim": {
    "criteria": {
      "has_planks": "2024-07-30 20:54:16 +0000"
    },
    "done": true
  },
  "minecraft:recipes/building_blocks/yellow_stained_glass": {
    "criteria": {
      "has_glass": "2024-08-10 17:19:12 +0000"
    },
    "done": true
  },
  "ars_nouveau:recipes/ars_nouveau/gilded_sourcestone_mosaic_slab": {
    "criteria": {
      "has_journal": "2024-07-30 20:54:17 +0000"
    },
    "done": true
  },
  "ars_nouveau:recipes/ars_nouveau/item_detector": {
    "criteria": {
      "has_journal": "2024-07-30 20:54:17 +0000"
    },
    "done": true
  },
  "ars_nouveau:recipes/ars_nouveau/smooth_sourcestone_mosaic_stone_cutterslab": {
    "criteria": {
      "has_journal": "2024-07-30 20:54:17 +0000"
    },
    "done": true
  },
  "createdeco:recipes/createdeco.metals/andesite_mesh_fence": {
    "criteria": {
      "has_item": "2024-08-10 17:18:16 +0000"
    },
    "done": true
  },
  "ars_nouveau:recipes/ars_nouveau/gilded_sourcestone_small_bricks_stairs": {
    "criteria": {
      "has_journal": "2024-07-30 20:54:17 +0000"
    },
    "done": true
  },
  "create:recipes/create.base/crafting/kinetics/gantry_shaft": {
    "criteria": {
      "has_item": "2024-08-10 17:18:16 +0000"
    },
    "done": true
  },
  "ars_nouveau:recipes/ars_nouveau/sourcestone_basketweave_stone_cutterslab": {
    "criteria": {
      "has_journal": "2024-07-30 20:54:17 +0000"
    },
    "done": true
  },
  "minecraft:story/obtain_armor": {
    "criteria": {
      "iron_helmet": "2024-08-10 17:18:16 +0000"
    },
    "done": true
  },
  "ars_nouveau:recipes/ars_nouveau/smooth_sourcestone_mosaic_slab": {
    "criteria": {
      "has_journal": "2024-07-30 20:54:17 +0000"
    },
    "done": true
  },
  "ars_nouveau:recipes/ars_nouveau/sourcestone_small_bricks_stonecutter_stair": {
    "criteria": {
      "has_journal": "2024-07-30 20:54:17 +0000"
    },
    "done": true
  },
  "ars_nouveau:recipes/building_blocks/manipulation_essence_to_diorite": {
    "criteria": {
      "has_journal": "2024-07-30 20:54:17 +0000"
    },
    "done": true
  },
  "ars_nouveau:recipes/ars_nouveau/ritual_wilden_summon": {
    "criteria": {
      "has_journal": "2024-07-30 20:54:17 +0000"
    },
    "done": true
  },
  "minecraft:recipes/building_blocks/red_stained_glass": {
    "criteria": {
      "has_glass": "2024-08-10 17:19:12 +0000"
    },
    "done": true
  },
  "minecraft:recipes/building_blocks/cobblestone_slab_from_cobblestone_stonecutting": {
    "criteria": {
      "has_cobblestone": "2024-08-10 17:18:52 +0000"
    },
    "done": true
  },
  "ars_nouveau:recipes/ars_nouveau/blue_archwood_wood": {
    "criteria": {
      "has_journal": "2024-07-30 20:54:17 +0000"
    },
    "done": true
  },
  "ars_nouveau:recipes/ars_nouveau/greater_experience_gem": {
    "criteria": {
      "has_journal": "2024-07-30 20:54:17 +0000"
    },
    "done": true
  },
  "storagedrawers:recipes/storagedrawers/min_redstone_upgrade": {
    "criteria": {
      "has_template": "2024-07-30 20:54:16 +0000"
    },
    "done": true
  },
  "ars_nouveau:recipes/ars_nouveau/ritual_sunrise": {
    "criteria": {
      "has_journal": "2024-07-30 20:54:17 +0000"
    },
    "done": true
  },
  "minecraft:recipes/transportation/acacia_boat": {
    "criteria": {
      "in_water": "2024-07-30 21:09:22 +0000"
    },
    "done": true
  },
  "ars_nouveau:recipes/ars_nouveau/rotating_spell_turret": {
    "criteria": {
      "has_journal": "2024-07-30 20:54:17 +0000"
    },
    "done": true
  },
  "createdeco:recipes/createdeco.props/red_andesite_lamp": {
    "criteria": {
      "has_item": "2024-08-10 17:18:16 +0000"
    },
    "done": true
  },
  "storagedrawers:recipes/storagedrawers/void_upgrade": {
    "criteria": {
      "has_template": "2024-07-30 20:54:16 +0000"
    },
    "done": true
  },
  "create:recipes/create.palettes/layered_tuff_from_stone_types_tuff_stonecutting": {
    "criteria": {
      "has_stone_types_tuff": "2024-08-10 17:21:01 +0000"
    },
    "done": true
  },
  "ars_nouveau:recipes/ars_nouveau/wipe_starby_shard": {
    "criteria": {
      "has_journal": "2024-07-30 20:54:17 +0000"
    },
    "done": true
  },
  "ars_nouveau:recipes/ars_nouveau/blank_parchment": {
    "criteria": {
      "has_journal": "2024-07-30 20:54:17 +0000"
    },
    "done": true
  },
  "ars_nouveau:recipes/ars_nouveau/sourcestone_small_bricks_slab": {
    "criteria": {
      "has_journal": "2024-07-30 20:54:17 +0000"
    },
    "done": true
  },
  "ars_nouveau:recipes/ars_nouveau/warp_scroll": {
    "criteria": {
      "has_journal": "2024-07-30 20:54:17 +0000"
    },
    "done": true
  },
  "storagedrawers:recipes/storagedrawers/warped_trim": {
    "criteria": {
      "has_planks": "2024-07-30 20:54:16 +0000"
    },
    "done": true
  },
  "ars_nouveau:recipes/ars_nouveau/agronomic_sourcelink": {
    "criteria": {
      "has_journal": "2024-07-30 20:54:17 +0000"
    },
    "done": true
  },
  "ars_nouveau:recipes/ars_nouveau/annotated_codex": {
    "criteria": {
      "has_journal": "2024-07-30 20:54:17 +0000"
    },
    "done": true
  },
  "createdeco:recipes/createdeco.metals/copper_hull": {
    "criteria": {
      "has_item": "2024-08-10 17:18:16 +0000"
    },
    "done": true
  },
  "ars_nouveau:recipes/misc/fire_essence_to_charge": {
    "criteria": {
      "has_journal": "2024-07-30 20:54:17 +0000"
    },
    "done": true
  },
  "minecraft:recipes/redstone/lightning_rod": {
    "criteria": {
      "has_copper_ingot": "2024-08-10 17:18:16 +0000"
    },
    "done": true
  },
  "create:recipes/create.base/crafting/kinetics/water_wheel": {
    "criteria": {
      "has_item": "2024-08-10 17:18:16 +0000"
    },
    "done": true
  },
  "storagedrawers:recipes/storagedrawers/illumination_upgrade": {
    "criteria": {
      "has_template": "2024-07-30 20:54:16 +0000"
    },
    "done": true
  },
  "mekanism:root": {
    "criteria": {
      "automatic": "2024-07-30 20:54:17 +0000"
    },
    "done": true
  },
  "ars_nouveau:recipes/misc/spike_to_dye": {
    "criteria": {
      "has_journal": "2024-07-30 20:54:17 +0000"
    },
    "done": true
  },
  "ars_nouveau:recipes/ars_nouveau/smooth_sourcestone_large_bricks_stonecutter_stair": {
    "criteria": {
      "has_journal": "2024-07-30 20:54:17 +0000"
    },
    "done": true
  },
  "ars_nouveau:recipes/ars_nouveau/gilded_sourcestone_mosaic_to_sourcestone": {
    "criteria": {
      "has_journal": "2024-07-30 20:54:17 +0000"
    },
    "done": true
  },
  "ars_nouveau:recipes/ars_nouveau/sourcestone_basketweave_slab": {
    "criteria": {
      "has_journal": "2024-07-30 20:54:17 +0000"
    },
    "done": true
  },
  "create:recipes/create.base/crafting/materials/andesite_alloy_from_block": {
    "criteria": {
      "has_item": "2024-08-10 17:18:16 +0000"
    },
    "done": true
  },
  "minecraft:recipes/building_blocks/lime_stained_glass": {
    "criteria": {
      "has_glass": "2024-08-10 17:19:12 +0000"
    },
    "done": true
  },
  "ars_nouveau:recipes/ars_nouveau/manipulation_essence_to_vexing_sapling": {
    "criteria": {
      "has_journal": "2024-07-30 20:54:17 +0000"
    },
    "done": true
  },
  "create:recipes/create.base/crafting/kinetics/radial_chassis": {
    "criteria": {
      "has_item": "2024-08-10 17:18:16 +0000"
    },
    "done": true
  },
  "ars_nouveau:recipes/ars_nouveau/sourcestone": {
    "criteria": {
      "has_journal": "2024-07-30 20:54:17 +0000"
    },
    "done": true
  },
  "create:recipes/create.base/crafting/kinetics/cart_assembler": {
    "criteria": {
      "has_item": "2024-08-10 17:18:16 +0000"
    },
    "done": true
  },
  "minecraft:recipes/misc/iron_nugget_from_smelting": {
    "criteria": {
      "has_iron_helmet": "2024-08-10 17:18:16 +0000"
    },
    "done": true
  },
  "ars_elemental:recipes/ars_nouveau/tablet_ritual_squirrels": {
    "criteria": {
      "has_journal": "2024-07-30 20:54:17 +0000"
    },
    "done": true
  },
  "storagedrawers:recipes/storagedrawers/redstone_upgrade": {
    "criteria": {
      "has_template": "2024-07-30 20:54:16 +0000"
    },
    "done": true
  },
  "ars_nouveau:recipes/ars_nouveau/wixie_hat": {
    "criteria": {
      "has_journal": "2024-07-30 20:54:17 +0000"
    },
    "done": true
  },
  "ars_nouveau:recipes/ars_nouveau/gilded_sourcestone_alternating_stonecutter_stair": {
    "criteria": {
      "has_journal": "2024-07-30 20:54:17 +0000"
    },
    "done": true
  },
  "ars_nouveau:recipes/ars_nouveau/smooth_gilded_sourcestone_basketweave_stairs": {
    "criteria": {
      "has_journal": "2024-07-30 20:54:17 +0000"
    },
    "done": true
  },
  "createdeco:recipes/createdeco.props/green_andesite_lamp": {
    "criteria": {
      "has_item": "2024-08-10 17:18:16 +0000"
    },
    "done": true
  },
  "ars_elemental:recipes/ars_nouveau/flight_alt": {
    "criteria": {
      "has_journal": "2024-07-30 20:54:17 +0000"
    },
    "done": true
  },
  "ars_nouveau:recipes/ars_nouveau/sourcestone_mosaic_to_sourcestone": {
    "criteria": {
      "has_journal": "2024-07-30 20:54:17 +0000"
    },
    "done": true
  },
  "ars_nouveau:recipes/ars_nouveau/red_sbed": {
    "criteria": {
      "has_journal": "2024-07-30 20:54:17 +0000"
    },
    "done": true
  },
  "storagedrawers:recipes/storagedrawers/spruce_trim": {
    "criteria": {
      "has_planks": "2024-07-30 20:54:16 +0000"
    },
    "done": true
  },
  "storagedrawers:recipes/storagedrawers/iron_storage_upgrade": {
    "criteria": {
      "has_template": "2024-07-30 20:54:16 +0000"
    },
    "done": true
  },
  "storagedrawers:recipes/storagedrawers/jungle_trim": {
    "criteria": {
      "has_planks": "2024-07-30 20:54:16 +0000"
    },
    "done": true
  },
  "create:recipes/create.palettes/cut_tuff_stairs_from_stone_types_tuff_stonecutting": {
    "criteria": {
      "has_stone_types_tuff": "2024-08-10 17:21:01 +0000"
    },
    "done": true
  },
  "create:recipes/create.base/crafting/appliances/clipboard": {
    "criteria": {
      "has_item": "2024-08-10 17:18:16 +0000"
    },
    "done": true
  },
  "minecraft:recipes/building_blocks/light_blue_stained_glass": {
    "criteria": {
      "has_glass": "2024-08-10 17:19:12 +0000"
    },
    "done": true
  },
  "ars_nouveau:recipes/ars_nouveau/smooth_gilded_sourcestone_small_bricks_stairs": {
    "criteria": {
      "has_journal": "2024-07-30 20:54:17 +0000"
    },
    "done": true
  },
  "ars_nouveau:recipes/ars_nouveau/archwood_button": {
    "criteria": {
      "has_journal": "2024-07-30 20:54:17 +0000"
    },
    "done": true
  },
  "mekanism:fluid_transport": {
    "criteria": {
      "basic_mechanical_pipe": "2024-08-10 17:18:18 +0000"
    },
    "done": true
  },
  "create:recipes/create.base/crafting/kinetics/shaft": {
    "criteria": {
      "has_item": "2024-08-10 17:18:16 +0000"
    },
    "done": true
  },
  "ars_nouveau:recipes/ars_nouveau/smooth_gilded_sourcestone_mosaic_slab": {
    "criteria": {
      "has_journal": "2024-07-30 20:54:17 +0000"
    },
    "done": true
  },
  "modonomicon:modonomicon/root": {
    "criteria": {
      "modonomicon_present": "2024-08-10 17:16:58 +0000"
    },
    "done": true
  },
  "ars_nouveau:recipes/ars_nouveau/smooth_sourcestone_mosaic_stonecutter_stair": {
    "criteria": {
      "has_journal": "2024-07-30 20:54:17 +0000"
    },
    "done": true
  },
  "ars_nouveau:recipes/ars_nouveau/archwood_pressure_plate": {
    "criteria": {
      "has_journal": "2024-07-30 20:54:17 +0000"
    },
    "done": true
  },
  "comforts:sleeping_bag_green_from_white": {
    "criteria": {
      "has_sleeping_bag": "2024-08-10 17:18:16 +0000"
    },
    "done": true
  },
  "createdeco:recipes/createdeco.metals/copper_bars": {
    "criteria": {
      "has_item": "2024-08-10 17:18:16 +0000"
    },
    "done": true
  },
  "ars_nouveau:recipes/ars_nouveau/gilded_sourcestone_large_bricks_stonecutter_stair": {
    "criteria": {
      "has_journal": "2024-07-30 20:54:17 +0000"
    },
    "done": true
  },
  "create:andesite_alloy": {
    "criteria": {
      "0": "2024-08-10 17:18:16 +0000"
    },
    "done": true
  },
  "ars_nouveau:recipes/ars_nouveau/challenge_2": {
    "criteria": {
      "has_journal": "2024-07-30 20:54:17 +0000"
    },
    "done": true
  },
  "create:recipes/create.palettes/andesite_scaffolding_from_andesite_alloy_stonecutting": {
    "criteria": {
      "has_andesite_alloy": "2024-08-10 17:18:16 +0000"
    },
    "done": true
  },
  "minecraft:recipes/brewing/glass_bottle": {
    "criteria": {
      "has_glass": "2024-08-10 17:19:12 +0000"
    },
    "done": true
  },
  "ars_nouveau:recipes/ars_nouveau/sourcestone_small_bricks_stone_cutterslab": {
    "criteria": {
      "has_journal": "2024-07-30 20:54:17 +0000"
    },
    "done": true
  },
  "ars_nouveau:recipes/building_blocks/conjuration_essence_to_end_stone": {
    "criteria": {
      "has_journal": "2024-07-30 20:54:17 +0000"
    },
    "done": true
  },
  "ars_nouveau:recipes/ars_nouveau/source_berry_pie": {
    "criteria": {
      "has_journal": "2024-07-30 20:54:17 +0000"
    },
    "done": true
  },
  "ars_nouveau:recipes/ars_nouveau/magebloom_block": {
    "criteria": {
      "has_journal": "2024-07-30 20:54:17 +0000"
    },
    "done": true
  },
  "ars_nouveau:recipes/ars_nouveau/smooth_sourcestone_basketweave_slab": {
    "criteria": {
      "has_journal": "2024-07-30 20:54:17 +0000"
    },
    "done": true
  },
  "createdeco:recipes/createdeco.metals/andesite_catwalk": {
    "criteria": {
      "has_item": "2024-08-10 17:18:16 +0000"
    },
    "done": true
  },
  "ars_nouveau:recipes/ars_nouveau/gilded_sourcestone_mosaic_stairs": {
    "criteria": {
      "has_journal": "2024-07-30 20:54:17 +0000"
    },
    "done": true
  },
  "ars_nouveau:recipes/ars_nouveau/gilded_sourcestone_large_bricks_slab": {
    "criteria": {
      "has_journal": "2024-07-30 20:54:17 +0000"
    },
    "done": true
  },
  "create:recipes/create.base/crafting/kinetics/copper_valve_handle_from_others": {
    "criteria": {
      "has_item": "2024-08-10 17:18:16 +0000"
    },
    "done": true
  },
  "create:recipes/create.base/crafting/kinetics/steam_engine": {
    "criteria": {
      "has_item": "2024-08-10 17:18:16 +0000"
    },
    "done": true
  },
  "create:recipes/create.palettes/framed_glass_from_glass_colorless_stonecutting": {
    "criteria": {
      "has_glass_colorless": "2024-08-10 17:19:12 +0000"
    },
    "done": true
  },
  "ars_nouveau:recipes/ars_nouveau/gilded_sourcestone_alternating_stone_cutterslab": {
    "criteria": {
      "has_journal": "2024-07-30 20:54:17 +0000"
    },
    "done": true
  },
  "ars_nouveau:recipes/ars_nouveau/smooth_sourcestone_basketweave_stone_cutterslab": {
    "criteria": {
      "has_journal": "2024-07-30 20:54:17 +0000"
    },
    "done": true
  },
  "ars_nouveau:recipes/ars_nouveau/gilded_sourcestone_alternating_to_sourcestone": {
    "criteria": {
      "has_journal": "2024-07-30 20:54:17 +0000"
    },
    "done": true
  },
  "ars_elemental:recipes/ars_elemental/spore_blossom_up": {
    "criteria": {
      "has_journal": "2024-07-30 20:54:17 +0000"
    },
    "done": true
  },
  "create:recipes/create.palettes/cut_tuff_brick_stairs_from_stone_types_tuff_stonecutting": {
    "criteria": {
      "has_stone_types_tuff": "2024-08-10 17:21:01 +0000"
    },
    "done": true
  },
  "create:recipes/create.base/crafting/kinetics/cuckoo_clock": {
    "criteria": {
      "has_item": "2024-08-10 17:18:16 +0000"
    },
    "done": true
  },
  "minecraft:recipes/building_blocks/green_stained_glass": {
    "criteria": {
      "has_glass": "2024-08-10 17:19:12 +0000"
    },
    "done": true
  },
  "ars_nouveau:recipes/ars_nouveau/ritual_warping": {
    "criteria": {
      "has_journal": "2024-07-30 20:54:17 +0000"
    },
    "done": true
  },
  "ars_nouveau:recipes/ars_nouveau/sourcestone_mosaic_stone_cutterslab": {
    "criteria": {
      "has_journal": "2024-07-30 20:54:17 +0000"
    },
    "done": true
  },
  "storagedrawers:recipes/storagedrawers/fill_level_upgrade": {
    "criteria": {
      "has_template": "2024-07-30 20:54:16 +0000"
    },
    "done": true
  },
  "create:recipes/create.base/crafting/kinetics/large_cogwheel_from_little": {
    "criteria": {
      "has_item": "2024-08-10 17:18:16 +0000"
    },
    "done": true
  },
  "create:recipes/create.base/crafting/kinetics/large_cogwheel": {
    "criteria": {
      "has_item": "2024-08-10 17:18:16 +0000"
    },
    "done": true
  },
  "minecraft:recipes/building_blocks/oak_planks": {
    "criteria": {
      "has_the_recipe": "2024-08-10 17:20:39 +0000"
    },
    "done": true
  },
  "ars_nouveau:recipes/combat/spike_to_arrow": {
    "criteria": {
      "has_journal": "2024-07-30 20:54:17 +0000"
    },
    "done": true
  },
  "create:recipes/create.palettes/polished_cut_tuff_wall_from_stone_types_tuff_stonecutting": {
    "criteria": {
      "has_stone_types_tuff": "2024-08-10 17:21:01 +0000"
    },
    "done": true
  },
  "storagedrawers:recipes/storagedrawers/max_redstone_upgrade": {
    "criteria": {
      "has_template": "2024-07-30 20:54:16 +0000"
    },
    "done": true
  },
  "comforts:sleeping_bag_purple_from_white": {
    "criteria": {
      "has_sleeping_bag": "2024-08-10 17:18:16 +0000"
    },
    "done": true
  },
  "ars_nouveau:recipes/ars_nouveau/ritual_forestation": {
    "criteria": {
      "has_journal": "2024-07-30 20:54:17 +0000"
    },
    "done": true
  },
  "ars_nouveau:recipes/ars_nouveau/ritual_scrying": {
    "criteria": {
      "has_journal": "2024-07-30 20:54:17 +0000"
    },
    "done": true
  },
  "ars_nouveau:recipes/ars_nouveau/smooth_sourcestone_slab": {
    "criteria": {
      "has_journal": "2024-07-30 20:54:17 +0000"
    },
    "done": true
  },
  "ars_nouveau:recipes/ars_nouveau/ritual_moonfall": {
    "criteria": {
      "has_journal": "2024-07-30 20:54:17 +0000"
    },
    "done": true
  },
  "ars_nouveau:recipes/ars_nouveau/smooth_sourcestone_stonecutter_stair": {
    "criteria": {
      "has_journal": "2024-07-30 20:54:17 +0000"
    },
    "done": true
  },
  "ars_nouveau:recipes/ars_nouveau/relay": {
    "criteria": {
      "has_journal": "2024-07-30 20:54:17 +0000"
    },
    "done": true
  },
  "ars_nouveau:recipes/ars_nouveau/blaze_fiber": {
    "criteria": {
      "has_journal": "2024-07-30 20:54:17 +0000"
    },
    "done": true
  },
  "comforts:sleeping_bag_orange_from_white": {
    "criteria": {
      "has_sleeping_bag": "2024-08-10 17:18:16 +0000"
    },
    "done": true
  },
  "createdeco:recipes/createdeco.metals/andesite_door": {
    "criteria": {
      "has_item": "2024-08-10 17:18:16 +0000"
    },
    "done": true
  },
  "ars_nouveau:recipes/ars_nouveau/ritual_flight": {
    "criteria": {
      "has_journal": "2024-07-30 20:54:17 +0000"
    },
    "done": true
  },
  "ars_nouveau:recipes/ars_nouveau/ritual_overgrowth": {
    "criteria": {
      "has_journal": "2024-07-30 20:54:17 +0000"
    },
    "done": true
  },
  "comforts:sleeping_bag_brown_from_white": {
    "criteria": {
      "has_the_recipe": "2024-08-10 17:18:16 +0000",
      "has_sleeping_bag": "2024-08-10 17:18:16 +0000"
    },
    "done": true
  },
  "create:recipes/create.base/crafting/logistics/andesite_tunnel": {
    "criteria": {
      "has_item": "2024-08-10 17:18:16 +0000"
    },
    "done": true
  },
  "ars_nouveau:recipes/decorations/archwood_to_chest": {
    "criteria": {
      "has_journal": "2024-07-30 20:54:17 +0000"
    },
    "done": true
  },
  "create:recipes/create.base/crafting/kinetics/wrench": {
    "criteria": {
      "has_item": "2024-08-10 17:18:16 +0000"
    },
    "done": true
  },
  "ars_nouveau:recipes/ars_nouveau/stripped_green_archwood_wood": {
    "criteria": {
      "has_journal": "2024-07-30 20:54:17 +0000"
    },
    "done": true
  },
  "ars_elemental:recipes/ars_elemental/stripped_yellow_archwood": {
    "criteria": {
      "has_journal": "2024-07-30 20:54:17 +0000"
    },
    "done": true
  },
  "ars_nouveau:recipes/ars_nouveau/smooth_sourcestone_mosaic_stairs": {
    "criteria": {
      "has_journal": "2024-07-30 20:54:17 +0000"
    },
    "done": true
  },
  "ars_nouveau:recipes/ars_nouveau/smooth_gilded_sourcestone_small_bricks_to_sourcestone": {
    "criteria": {
      "has_journal": "2024-07-30 20:54:17 +0000"
    },
    "done": true
  },
  "create:recipes/create.palettes/copper_ladder_from_ingots_copper_stonecutting": {
    "criteria": {
      "has_ingots_copper": "2024-08-10 17:18:16 +0000"
    },
    "done": true
  },
  "ars_nouveau:recipes/ars_nouveau/sourcestone_small_bricks_stairs": {
    "criteria": {
      "has_journal": "2024-07-30 20:54:17 +0000"
    },
    "done": true
  },
  "ars_nouveau:recipes/ars_nouveau/smooth_gilded_sourcestone_large_bricks_to_sourcestone": {
    "criteria": {
      "has_journal": "2024-07-30 20:54:17 +0000"
    },
    "done": true
  },
  "createdeco:recipes/createdeco.metals/copper_trapdoor": {
    "criteria": {
      "has_item": "2024-08-10 17:18:16 +0000"
    },
    "done": true
  },
  "minecraft:recipes/misc/iron_nugget_from_blasting": {
    "criteria": {
      "has_iron_helmet": "2024-08-10 17:18:16 +0000"
    },
    "done": true
  },
  "createdeco:recipes/createdeco.metals/andesite_trapdoor": {
    "criteria": {
      "has_item": "2024-08-10 17:18:16 +0000"
    },
    "done": true
  },
  "create:recipes/create.base/crafting/kinetics/chute": {
    "criteria": {
      "has_item": "2024-08-10 17:18:16 +0000"
    },
    "done": true
  },
  "ars_nouveau:recipes/building_blocks/fire_essence_to_magma_block": {
    "criteria": {
      "has_journal": "2024-07-30 20:54:17 +0000"
    },
    "done": true
  },
  "ars_nouveau:recipes/ars_nouveau/alteration_table": {
    "criteria": {
      "has_journal": "2024-07-30 20:54:17 +0000"
    },
    "done": true
  },
  "comforts:sleeping_bag_magenta_from_white": {
    "criteria": {
      "has_sleeping_bag": "2024-08-10 17:18:16 +0000"
    },
    "done": true
  },
  "create:recipes/create.palettes/crafting/kinetics/metal_girder": {
    "criteria": {
      "has_item": "2024-08-10 17:18:16 +0000"
    },
    "done": true
  },
  "ars_nouveau:recipes/ars_nouveau/archwood_trapdoor": {
    "criteria": {
      "has_journal": "2024-07-30 20:54:17 +0000"
    },
    "done": true
  },
  "minecraft:recipes/building_blocks/stone": {
    "criteria": {
      "has_cobblestone": "2024-08-10 17:18:52 +0000"
    },
    "done": true
  },
  "createdeco:recipes/createdeco.props/blue_andesite_lamp": {
    "criteria": {
      "has_item": "2024-08-10 17:18:16 +0000"
    },
    "done": true
  },
  "ars_nouveau:recipes/ars_nouveau/smooth_gilded_sourcestone_mosaic_stairs": {
    "criteria": {
      "has_journal": "2024-07-30 20:54:17 +0000"
    },
    "done": true
  },
  "ars_nouveau:recipes/ars_nouveau/sourcestone_large_bricks_stairs": {
    "criteria": {
      "has_journal": "2024-07-30 20:54:17 +0000"
    },
    "done": true
  },
  "minecraft:adventure/adventuring_time": {
    "criteria": {
      "minecraft:sunflower_plains": "2024-07-30 20:54:18 +0000"
    },
    "done": false
  },
  "ars_nouveau:recipes/ars_nouveau/sourcestone_large_bricks_to_sourcestone": {
    "criteria": {
      "has_journal": "2024-07-30 20:54:17 +0000"
    },
    "done": true
  },
  "ars_nouveau:recipes/ars_nouveau/smooth_sourcestone_large_bricks_slab": {
    "criteria": {
      "has_journal": "2024-07-30 20:54:17 +0000"
    },
    "done": true
  },
  "ars_nouveau:recipes/ars_nouveau/arcane_platform": {
    "criteria": {
      "has_journal": "2024-07-30 20:54:17 +0000"
    },
    "done": true
  },
  "ars_nouveau:recipes/ars_nouveau/gilded_sourcestone_mosaic_stone_cutterslab": {
    "criteria": {
      "has_journal": "2024-07-30 20:54:17 +0000"
    },
    "done": true
  },
  "ars_nouveau:recipes/ars_nouveau/gilded_sourcestone_large_bricks_stone_cutterslab": {
    "criteria": {
      "has_journal": "2024-07-30 20:54:17 +0000"
    },
    "done": true
  },
  "comforts:sleeping_bag_gray_from_white": {
    "criteria": {
      "has_the_recipe": "2024-08-10 17:18:16 +0000",
      "has_sleeping_bag": "2024-08-10 17:18:16 +0000"
    },
    "done": true
  },
  "storagedrawers:recipes/storagedrawers/one_stack_upgrade": {
    "criteria": {
      "has_template": "2024-07-30 20:54:16 +0000"
    },
    "done": true
  },
  "minecraft:recipes/combat/stone_sword": {
    "criteria": {
      "has_cobblestone": "2024-08-10 17:18:52 +0000"
    },
    "done": true
  },
  "minecraft:recipes/decorations/cobblestone_wall": {
    "criteria": {
      "has_cobblestone": "2024-08-10 17:18:52 +0000"
    },
    "done": true
  },
  "ars_nouveau:recipes/ars_nouveau/potion_jar": {
    "criteria": {
      "has_journal": "2024-07-30 20:54:17 +0000"
    },
    "done": true
  },
  "ars_elemental:recipes/ars_nouveau/tablet_ritual_detection": {
    "criteria": {
      "has_journal": "2024-07-30 20:54:17 +0000"
    },
    "done": true
  },
  "minecraft:recipes/tools/stone_pickaxe": {
    "criteria": {
      "has_cobblestone": "2024-08-10 17:18:52 +0000"
    },
    "done": true
  },
  "createdeco:recipes/createdeco.metals/andesite_hull": {
    "criteria": {
      "has_item": "2024-08-10 17:18:16 +0000"
    },
    "done": true
  },
  "create:recipes/create.base/crafting/kinetics/display_board": {
    "criteria": {
      "has_item": "2024-08-10 17:18:16 +0000"
    },
    "done": true
  },
  "ars_nouveau:recipes/ars_nouveau/magebloom_fiber": {
    "criteria": {
      "has_journal": "2024-07-30 20:54:17 +0000"
    },
    "done": true
  },
  "minecraft:recipes/building_blocks/brown_stained_glass": {
    "criteria": {
      "has_glass": "2024-08-10 17:19:12 +0000"
    },
    "done": true
  },
  "sophisticatedbackpacks:recipes/sophisticatedbackpacks/diamond_backpack": {
    "criteria": {
      "has_gold_backpack": "2024-08-10 17:18:16 +0000"
    },
    "done": true
  },
  "ars_nouveau:recipes/ars_nouveau/smooth_gilded_sourcestone_large_bricks_stone_cutterslab": {
    "criteria": {
      "has_journal": "2024-07-30 20:54:17 +0000"
    },
    "done": true
  },
  "ars_nouveau:recipes/ars_nouveau/experience_gem": {
    "criteria": {
      "has_journal": "2024-07-30 20:54:17 +0000"
    },
    "done": true
  },
  "minecraft:recipes/decorations/cobblestone_wall_from_cobblestone_stonecutting": {
    "criteria": {
      "has_cobblestone": "2024-08-10 17:18:52 +0000"
    },
    "done": true
  },
  "comforts:sleeping_bag_pink_from_white": {
    "criteria": {
      "has_sleeping_bag": "2024-08-10 17:18:16 +0000"
    },
    "done": true
  },
  "ars_nouveau:recipes/ars_nouveau/sourcestone_small_bricks_to_sourcestone": {
    "criteria": {
      "has_journal": "2024-07-30 20:54:17 +0000"
    },
    "done": true
  },
  "minecraft:recipes/building_blocks/light_gray_stained_glass": {
    "criteria": {
      "has_glass": "2024-08-10 17:19:12 +0000"
    },
    "done": true
  },
  "create:recipes/create.base/crafting/kinetics/cogwheel": {
    "criteria": {
      "has_item": "2024-08-10 17:18:16 +0000"
    },
    "done": true
  },
  "comforts:sleeping_bag_yellow_from_white": {
    "criteria": {
      "has_sleeping_bag": "2024-08-10 17:18:16 +0000"
    },
    "done": true
  },
  "ars_nouveau:recipes/ars_nouveau/smooth_gilded_sourcestone_large_bricks_stairs": {
    "criteria": {
      "has_journal": "2024-07-30 20:54:17 +0000"
    },
    "done": true
  },
  "ars_nouveau:recipes/ars_nouveau/ritual_gravity": {
    "criteria": {
      "has_journal": "2024-07-30 20:54:17 +0000"
    },
    "done": true
  },
  "ars_nouveau:recipes/ars_nouveau/gilded_sourcestone_large_bricks_stairs": {
    "criteria": {
      "has_journal": "2024-07-30 20:54:17 +0000"
    },
    "done": true
  },
  "ars_nouveau:recipes/ars_nouveau/gilded_sourcestone_mosaic_stonecutter_stair": {
    "criteria": {
      "has_journal": "2024-07-30 20:54:17 +0000"
    },
    "done": true
  },
  "ars_nouveau:recipes/ars_nouveau/sourcestone_large_bricks_slab": {
    "criteria": {
      "has_journal": "2024-07-30 20:54:17 +0000"
    },
    "done": true
  },
  "create:recipes/create.base/crafting/kinetics/smart_fluid_pipe": {
    "criteria": {
      "has_item": "2024-08-10 17:18:16 +0000"
    },
    "done": true
  },
  "ars_nouveau:recipes/ars_nouveau/smooth_gilded_sourcestone_small_bricks_stonecutter_stair": {
    "criteria": {
      "has_journal": "2024-07-30 20:54:17 +0000"
    },
    "done": true
  },
  "create:recipes/create.base/crafting/kinetics/belt_connector": {
    "criteria": {
      "has_item": "2024-08-10 17:18:16 +0000"
    },
    "done": true
  },
  "ars_nouveau:recipes/ars_nouveau/mirrorweave": {
    "criteria": {
      "has_journal": "2024-07-30 20:54:17 +0000"
    },
    "done": true
  },
  "create:recipes/create.palettes/small_tuff_brick_stairs_from_stone_types_tuff_stonecutting": {
    "criteria": {
      "has_stone_types_tuff": "2024-08-10 17:21:01 +0000"
    },
    "done": true
  },
  "create:recipes/create.base/crafting/kinetics/hand_crank": {
    "criteria": {
      "has_item": "2024-08-10 17:18:16 +0000"
    },
    "done": true
  },
  "create:recipes/create.palettes/cut_tuff_wall_from_stone_types_tuff_stonecutting": {
    "criteria": {
      "has_stone_types_tuff": "2024-08-10 17:21:01 +0000"
    },
    "done": true
  },
  "comforts:sleeping_bag_cyan_from_white": {
    "criteria": {
      "has_sleeping_bag": "2024-08-10 17:18:16 +0000"
    },
    "done": true
  },
  "create:recipes/create.base/crafting/appliances/copper_diving_helmet": {
    "criteria": {
      "has_item": "2024-08-10 17:18:16 +0000"
    },
    "done": true
  },
  "ars_nouveau:recipes/ars_nouveau/smooth_gilded_sourcestone_basketweave_stone_cutterslab": {
    "criteria": {
      "has_journal": "2024-07-30 20:54:17 +0000"
    },
    "done": true
  },
  "create:recipes/create.base/crafting/curiosities/minecart_coupling": {
    "criteria": {
      "has_item": "2024-08-10 17:18:16 +0000"
    },
    "done": true
  },
  "ars_nouveau:recipes/ars_nouveau/manipulation_essence_to_flourishing_sapling": {
    "criteria": {
      "has_journal": "2024-07-30 20:54:17 +0000"
    },
    "done": true
  },
  "ars_nouveau:recipes/ars_nouveau/mimic_scroll": {
    "criteria": {
      "has_journal": "2024-07-30 20:54:17 +0000"
    },
    "done": true
  },
  "minecraft:recipes/tools/stone_axe": {
    "criteria": {
      "has_cobblestone": "2024-08-10 17:18:52 +0000"
    },
    "done": true
  },
  "ars_nouveau:recipes/ars_nouveau/gilded_sourcestone_alternating_stairs": {
    "criteria": {
      "has_journal": "2024-07-30 20:54:17 +0000"
    },
    "done": true
  },
  "create:recipes/create.base/crafting/kinetics/hose_pulley": {
    "criteria": {
      "has_item": "2024-08-10 17:18:16 +0000"
    },
    "done": true
  },
  "ars_nouveau:recipes/ars_nouveau/smooth_sourcestone_mosaic_to_sourcestone": {
    "criteria": {
      "has_journal": "2024-07-30 20:54:17 +0000"
    },
    "done": true
  },
  "create:recipes/create.palettes/polished_cut_tuff_slab_from_stone_types_tuff_stonecutting": {
    "criteria": {
      "has_stone_types_tuff": "2024-08-10 17:21:01 +0000"
    },
    "done": true
  },
  "ars_nouveau:recipes/ars_nouveau/smooth_sourcestone_stairs": {
    "criteria": {
      "has_journal": "2024-07-30 20:54:17 +0000"
    },
    "done": true
  },
  "ars_nouveau:recipes/ars_nouveau/sourcestone_9": {
    "criteria": {
      "has_journal": "2024-07-30 20:54:17 +0000"
    },
    "done": true
  },
  "create:recipes/create.palettes/cut_tuff_from_stone_types_tuff_stonecutting": {
    "criteria": {
      "has_stone_types_tuff": "2024-08-10 17:21:01 +0000"
    },
    "done": true
  },
  "create:recipes/create.palettes/small_tuff_brick_slab_from_stone_types_tuff_stonecutting": {
    "criteria": {
      "has_stone_types_tuff": "2024-08-10 17:21:01 +0000"
    },
    "done": true
  },
  "ars_nouveau:recipes/ars_nouveau/sourcestone_8": {
    "criteria": {
      "has_journal": "2024-07-30 20:54:17 +0000"
    },
    "done": true
  },
  "ars_nouveau:recipes/ars_nouveau/sourcestone_7": {
    "criteria": {
      "has_journal": "2024-07-30 20:54:17 +0000"
    },
    "done": true
  },
  "ironchest:recipes/ironchest/chests/vanilla_copper_chest": {
    "criteria": {
      "has_item": "2024-08-10 17:18:16 +0000"
    },
    "done": true
  },
  "ars_nouveau:recipes/ars_nouveau/sourcestone_6": {
    "criteria": {
      "has_journal": "2024-07-30 20:54:17 +0000"
    },
    "done": true
  },
  "ars_nouveau:recipes/ars_nouveau/sourcestone_5": {
    "criteria": {
      "has_journal": "2024-07-30 20:54:17 +0000"
    },
    "done": true
  },
  "minecraft:recipes/building_blocks/cobblestone_stairs_from_cobblestone_stonecutting": {
    "criteria": {
      "has_cobblestone": "2024-08-10 17:18:52 +0000"
    },
    "done": true
  },
  "ars_nouveau:recipes/ars_nouveau/ritual_conjure_island_plains": {
    "criteria": {
      "has_journal": "2024-07-30 20:54:17 +0000"
    },
    "done": true
  },
  "ars_nouveau:recipes/ars_nouveau/stripped_red_archwood_wood": {
    "criteria": {
      "has_journal": "2024-07-30 20:54:17 +0000"
    },
    "done": true
  },
  "ars_nouveau:recipes/ars_nouveau/sourcestone_4": {
    "criteria": {
      "has_journal": "2024-07-30 20:54:17 +0000"
    },
    "done": true
  },
  "ars_nouveau:recipes/ars_nouveau/sourcestone_3": {
    "criteria": {
      "has_journal": "2024-07-30 20:54:17 +0000"
    },
    "done": true
  },
  "create:recipes/create.palettes/horizontal_framed_glass_from_glass_colorless_stonecutting": {
    "criteria": {
      "has_glass_colorless": "2024-08-10 17:19:12 +0000"
    },
    "done": true
  },
  "ars_nouveau:recipes/ars_nouveau/sourcestone_2": {
    "criteria": {
      "has_journal": "2024-07-30 20:54:17 +0000"
    },
    "done": true
  },
  "ars_nouveau:recipes/ars_nouveau/sourcestone_1": {
    "criteria": {
      "has_journal": "2024-07-30 20:54:17 +0000"
    },
    "done": true
  },
  "ars_nouveau:recipes/ars_nouveau/ritual_disintegration": {
    "criteria": {
      "has_journal": "2024-07-30 20:54:17 +0000"
    },
    "done": true
  },
  "ars_nouveau:recipes/ars_nouveau/smooth_sourcestone_alternating_stonecutter_stair": {
    "criteria": {
      "has_journal": "2024-07-30 20:54:17 +0000"
    },
    "done": true
  },
  "ars_nouveau:recipes/ars_nouveau/sky_block": {
    "criteria": {
      "has_journal": "2024-07-30 20:54:17 +0000"
    },
    "done": true
  },
  "comforts:sleeping_bag_lime_from_white": {
    "criteria": {
      "has_sleeping_bag": "2024-08-10 17:18:16 +0000"
    },
    "done": true
  },
  "ars_nouveau:recipes/building_blocks/manipulation_essence_to_calcite": {
    "criteria": {
      "has_journal": "2024-07-30 20:54:17 +0000"
    },
    "done": true
  },
  "ars_nouveau:recipes/ars_nouveau/ritual_challenge": {
    "criteria": {
      "has_journal": "2024-07-30 20:54:17 +0000"
    },
    "done": true
  },
  "ars_nouveau:recipes/misc/sourceberry_to_purple": {
    "criteria": {
      "has_journal": "2024-07-30 20:54:17 +0000"
    },
    "done": true
  },
  "mekanism:disassembler": {
    "criteria": {
      "atomic_disassembler": "2024-08-10 17:18:17 +0000"
    },
    "done": true
  },
  "ars_nouveau:recipes/ars_nouveau/allow_scroll": {
    "criteria": {
      "has_journal": "2024-07-30 20:54:17 +0000"
    },
    "done": true
  },
  "ars_nouveau:recipes/ars_nouveau/stripped_purple_archwood_wood": {
    "criteria": {
      "has_journal": "2024-07-30 20:54:17 +0000"
    },
    "done": true
  },
  "ars_nouveau:recipes/ars_nouveau/mundane_belt": {
    "criteria": {
      "has_journal": "2024-07-30 20:54:17 +0000"
    },
    "done": true
  },
  "ars_nouveau:recipes/ars_nouveau/green_sbed": {
    "criteria": {
      "has_journal": "2024-07-30 20:54:17 +0000"
    },
    "done": true
  },
  "ars_nouveau:recipes/ars_nouveau/gilded_sourcestone_small_bricks_slab": {
    "criteria": {
      "has_journal": "2024-07-30 20:54:17 +0000"
    },
    "done": true
  },
  "ars_nouveau:recipes/ars_nouveau/archwood_fence_gate": {
    "criteria": {
      "has_journal": "2024-07-30 20:54:17 +0000"
    },
    "done": true
  },
  "create:recipes/create.palettes/cut_tuff_brick_slab_from_stone_types_tuff_stonecutting": {
    "criteria": {
      "has_stone_types_tuff": "2024-08-10 17:21:01 +0000"
    },
    "done": true
  },
  "create:recipes/create.base/crafting/kinetics/fluid_valve": {
    "criteria": {
      "has_item": "2024-08-10 17:18:16 +0000"
    },
    "done": true
  },
  "ironchest:recipes/ironchest/chests/vanilla_dirt_chest": {
    "criteria": {
      "has_iron_ingot": "2024-07-30 20:54:48 +0000"
    },
    "done": true
  },
  "ars_nouveau:recipes/ars_nouveau/sunrise_2": {
    "criteria": {
      "has_journal": "2024-07-30 20:54:17 +0000"
    },
    "done": true
  },
  "create:recipes/create.palettes/cut_tuff_brick_wall_from_stone_types_tuff_stonecutting": {
    "criteria": {
      "has_stone_types_tuff": "2024-08-10 17:21:01 +0000"
    },
    "done": true
  },
  "ars_nouveau:recipes/ars_nouveau/sourcestone_alternating_stonecutter_stair": {
    "criteria": {
      "has_journal": "2024-07-30 20:54:17 +0000"
    },
    "done": true
  },
  "minecraft:recipes/building_blocks/blue_stained_glass": {
    "criteria": {
      "has_glass": "2024-08-10 17:19:12 +0000"
    },
    "done": true
  },
  "create:recipes/create.base/crafting/kinetics/analog_lever": {
    "criteria": {
      "has_item": "2024-08-10 17:18:16 +0000"
    },
    "done": true
  },
  "ars_nouveau:recipes/ars_nouveau/volcanic_sourcelink": {
    "criteria": {
      "has_journal": "2024-07-30 20:54:17 +0000"
    },
    "done": true
  },
  "ars_nouveau:recipes/ars_nouveau/ritual_cloudshaping": {
    "criteria": {
      "has_journal": "2024-07-30 20:54:17 +0000"
    },
    "done": true
  },
  "minecraft:recipes/transportation/spruce_boat": {
    "criteria": {
      "in_water": "2024-07-30 21:09:22 +0000"
    },
    "done": true
  },
  "create:recipes/building_blocks/tuff_from_stone_types_tuff_stonecutting": {
    "criteria": {
      "has_stone_types_tuff": "2024-08-10 17:21:01 +0000"
    },
    "done": true
  },
  "ars_nouveau:recipes/ars_nouveau/ring_of_potential": {
    "criteria": {
      "has_journal": "2024-07-30 20:54:17 +0000"
    },
    "done": true
  },
  "ars_nouveau:recipes/ars_nouveau/smooth_gilded_sourcestone_small_bricks_slab": {
    "criteria": {
      "has_journal": "2024-07-30 20:54:17 +0000"
    },
    "done": true
  },
  "createdeco:recipes/createdeco.metals/andesite_bars": {
    "criteria": {
      "has_item": "2024-08-10 17:18:16 +0000"
    },
    "done": true
  },
  "create:recipes/create.palettes/small_tuff_brick_wall_from_stone_types_tuff_stonecutting": {
    "criteria": {
      "has_stone_types_tuff": "2024-08-10 17:21:01 +0000"
    },
    "done": true
  },
  "ars_nouveau:recipes/ars_nouveau/archwood_fence": {
    "criteria": {
      "has_journal": "2024-07-30 20:54:17 +0000"
    },
    "done": true
  },
  "ars_nouveau:recipes/ars_nouveau/arcane_core": {
    "criteria": {
      "has_journal": "2024-07-30 20:54:17 +0000"
    },
    "done": true
  },
  "ars_nouveau:recipes/ars_nouveau/smooth_sourcestone_large_bricks_stairs": {
    "criteria": {
      "has_journal": "2024-07-30 20:54:17 +0000"
    },
    "done": true
  },
  "ars_nouveau:recipes/misc/water_essence_to_bucket": {
    "criteria": {
      "has_journal": "2024-07-30 20:54:17 +0000"
    },
    "done": true
  },
  "minecraft:husbandry/balanced_diet": {
    "criteria": {
      "bread": "2024-08-10 17:18:48 +0000"
    },
    "done": false
  },
  "create:recipes/create.palettes/vertical_framed_glass_from_glass_colorless_stonecutting": {
    "criteria": {
      "has_glass_colorless": "2024-08-10 17:19:12 +0000"
    },
    "done": true
  },
  "createdeco:recipes/createdeco.props/yellow_andesite_lamp": {
    "criteria": {
      "has_item": "2024-08-10 17:18:16 +0000"
    },
    "done": true
  },
  "ars_nouveau:recipes/ars_nouveau/gilded_sourcestone_basketweave_stonecutter_stair": {
    "criteria": {
      "has_journal": "2024-07-30 20:54:17 +0000"
    },
    "done": true
  },
  "ars_nouveau:recipes/ars_nouveau/stripped_blue_archwood_wood": {
    "criteria": {
      "has_journal": "2024-07-30 20:54:17 +0000"
    },
    "done": true
  },
  "create:recipes/create.palettes/andesite_bars_from_andesite_alloy_stonecutting": {
    "criteria": {
      "has_andesite_alloy": "2024-08-10 17:18:16 +0000"
    },
    "done": true
  },
  "minecraft:recipes/building_blocks/cobblestone_stairs": {
    "criteria": {
      "has_cobblestone": "2024-08-10 17:18:52 +0000"
    },
    "done": true
  },
  "ars_nouveau:recipes/ars_nouveau/dull_trinket": {
    "criteria": {
      "has_journal": "2024-07-30 20:54:17 +0000"
    },
    "done": true
  },
  "ironchest:recipes/ironchest/upgrades/gold_to_diamond_chest_upgrade": {
    "criteria": {
      "has_glass": "2024-08-10 17:19:12 +0000"
    },
    "done": true
  },
  "create:recipes/create.palettes/copper_tiles_from_ingots_copper_stonecutting": {
    "criteria": {
      "has_ingots_copper": "2024-08-10 17:18:16 +0000"
    },
    "done": true
  },
  "create:recipes/create.palettes/copper_scaffolding_from_ingots_copper_stonecutting": {
    "criteria": {
      "has_ingots_copper": "2024-08-10 17:18:16 +0000"
    },
    "done": true
  },
  "create:recipes/create.palettes/polished_cut_tuff_from_stone_types_tuff_stonecutting": {
    "criteria": {
      "has_stone_types_tuff": "2024-08-10 17:21:01 +0000"
    },
    "done": true
  },
  "ironchest:recipes/ironchest/chests/diamond_crystal_chest": {
    "criteria": {
      "has_glass": "2024-08-10 17:19:12 +0000"
    },
    "done": true
  },
  "create:recipes/create.palettes/polished_cut_tuff_stairs_from_stone_types_tuff_stonecutting": {
    "criteria": {
      "has_stone_types_tuff": "2024-08-10 17:21:01 +0000"
    },
    "done": true
  },
  "ars_nouveau:recipes/ars_nouveau/orange_sbed": {
    "criteria": {
      "has_journal": "2024-07-30 20:54:17 +0000"
    },
    "done": true
  },
  "ars_nouveau:recipes/ars_nouveau/repository": {
    "criteria": {
      "has_journal": "2024-07-30 20:54:17 +0000"
    },
    "done": true
  },
  "ironchest:recipes/ironchest/upgrades/copper_to_iron_chest_upgrade": {
    "criteria": {
      "has_item": "2024-08-10 17:19:12 +0000"
    },
    "done": true
  },
  "create_central_kitchen:recipes/crafting/tomato_sauce_bucket_from_bowls": {
    "criteria": {
      "has_bucket": "2024-08-10 17:18:17 +0000"
    },
    "done": true
  },
  "ars_nouveau:recipes/ars_nouveau/ritual_flowering": {
    "criteria": {
      "has_journal": "2024-07-30 20:54:17 +0000"
    },
    "done": true
  },
  "occultism:occultism/root": {
    "criteria": {
      "occultism_present": "2024-08-10 17:16:58 +0000"
    },
    "done": true
  },
  "ars_nouveau:recipes/ars_nouveau/mycelial_sourcelink": {
    "criteria": {
      "has_journal": "2024-07-30 20:54:17 +0000"
    },
    "done": true
  },
  "ars_nouveau:recipes/ars_nouveau/ritual_fertility": {
    "criteria": {
      "has_journal": "2024-07-30 20:54:17 +0000"
    },
    "done": true
  },
  "ars_nouveau:recipes/ars_nouveau/yellow_sbed": {
    "criteria": {
      "has_journal": "2024-07-30 20:54:17 +0000"
    },
    "done": true
  },
  "ars_nouveau:recipes/ars_nouveau/platform_to_pedestal": {
    "criteria": {
      "has_journal": "2024-07-30 20:54:17 +0000"
    },
    "done": true
  },
  "mekanism:configurator": {
    "criteria": {
      "configurator": "2024-08-10 17:18:17 +0000"
    },
    "done": true
  },
  "ars_nouveau:recipes/ars_nouveau/gilded_sourcestone_basketweave_stairs": {
    "criteria": {
      "has_journal": "2024-07-30 20:54:17 +0000"
    },
    "done": true
  },
  "ars_nouveau:recipes/ars_nouveau/sourcestone_large_bricks_stone_cutterslab": {
    "criteria": {
      "has_journal": "2024-07-30 20:54:17 +0000"
    },
    "done": true
  },
  "create:recipes/create.base/crafting/kinetics/rope_pulley": {
    "criteria": {
      "has_item": "2024-08-10 17:18:16 +0000"
    },
    "done": true
  },
  "ars_nouveau:recipes/ars_nouveau/sconce": {
    "criteria": {
      "has_journal": "2024-07-30 20:54:17 +0000"
    },
    "done": true
  },
  "minecraft:story/mine_stone": {
    "criteria": {
      "get_stone": "2024-08-10 17:18:52 +0000"
    },
    "done": true
  },
  "minecraft:recipes/decorations/furnace": {
    "criteria": {
      "has_cobblestone": "2024-08-10 17:18:52 +0000"
    },
    "done": true
  },
  "ars_nouveau:recipes/ars_nouveau/smooth_sourcestone_small_bricks_stonecutter_stair": {
    "criteria": {
      "has_journal": "2024-07-30 20:54:17 +0000"
    },
    "done": true
  },
  "ars_nouveau:recipes/ars_nouveau/magebloom_block_to_magebloom": {
    "criteria": {
      "has_journal": "2024-07-30 20:54:17 +0000"
    },
    "done": true
  },
  "create:recipes/create.base/crafting/logistics/andesite_funnel": {
    "criteria": {
      "has_item": "2024-08-10 17:18:16 +0000"
    },
    "done": true
  },
  "ars_elemental:recipes/ars_nouveau/tablet_ritual_attraction": {
    "criteria": {
      "has_journal": "2024-07-30 20:54:17 +0000"
    },
    "done": true
  },
  "ars_nouveau:root": {
    "criteria": {
      "ars_nouveau:worn_notebook": "2024-07-30 20:54:17 +0000"
    },
    "done": true
  },
  "create:recipes/create.base/crafting/kinetics/mechanical_pump": {
    "criteria": {
      "has_item": "2024-08-10 17:18:16 +0000"
    },
    "done": true
  },
  "minecraft:husbandry/root": {
    "criteria": {
      "consumed_item": "2024-07-30 20:56:55 +0000"
    },
    "done": true
  },
  "minecraft:recipes/transportation/birch_boat": {
    "criteria": {
      "in_water": "2024-07-30 21:09:22 +0000"
    },
    "done": true
  },
  "ars_nouveau:recipes/ars_nouveau/sourcestone_mosaic_stonecutter_stair": {
    "criteria": {
      "has_journal": "2024-07-30 20:54:17 +0000"
    },
    "done": true
  },
  "ars_nouveau:recipes/ars_nouveau/end_fiber": {
    "criteria": {
      "has_journal": "2024-07-30 20:54:17 +0000"
    },
    "done": true
  },
  "ars_nouveau:recipes/ars_nouveau/deny_scroll": {
    "criteria": {
      "has_journal": "2024-07-30 20:54:17 +0000"
    },
    "done": true
  },
  "ars_nouveau:recipes/ars_nouveau/smooth_sourcestone_small_bricks_stairs": {
    "criteria": {
      "has_journal": "2024-07-30 20:54:17 +0000"
    },
    "done": true
  },
  "ars_nouveau:recipes/ars_nouveau/ritual_restoration": {
    "criteria": {
      "has_journal": "2024-07-30 20:54:17 +0000"
    },
    "done": true
  },
  "minecraft:recipes/building_blocks/orange_stained_glass": {
    "criteria": {
      "has_glass": "2024-08-10 17:19:12 +0000"
    },
    "done": true
  },
  "ars_nouveau:recipes/decorations/manipulation_essence_to_moss_block": {
    "criteria": {
      "has_journal": "2024-07-30 20:54:17 +0000"
    },
    "done": true
  },
  "ars_nouveau:recipes/ars_nouveau/smooth_sourcestone_large_bricks_stone_cutterslab": {
    "criteria": {
      "has_journal": "2024-07-30 20:54:17 +0000"
    },
    "done": true
  },
  "ars_nouveau:recipes/ars_nouveau/gilded_sourcestone_large_bricks_to_sourcestone": {
    "criteria": {
      "has_journal": "2024-07-30 20:54:17 +0000"
    },
    "done": true
  },
  "farmersdelight:main/root": {
    "criteria": {
      "seeds": "2024-07-30 20:54:16 +0000"
    },
    "done": true
  },
  "ars_nouveau:recipes/ars_nouveau/archwood_chest": {
    "criteria": {
      "has_journal": "2024-07-30 20:54:17 +0000"
    },
    "done": true
  },
  "minecraft:recipes/tools/stone_hoe": {
    "criteria": {
      "has_cobblestone": "2024-08-10 17:18:52 +0000"
    },
    "done": true
  },
  "ars_nouveau:recipes/ars_nouveau/ritual_sanctuary": {
    "criteria": {
      "has_journal": "2024-07-30 20:54:17 +0000"
    },
    "done": true
  },
  "create:recipes/create.base/crafting/kinetics/piston_extension_pole": {
    "criteria": {
      "has_item": "2024-08-10 17:18:16 +0000"
    },
    "done": true
  },
  "ars_nouveau:recipes/ars_nouveau/smooth_sourcestone_basketweave_to_sourcestone": {
    "criteria": {
      "has_journal": "2024-07-30 20:54:17 +0000"
    },
    "done": true
  },
  "ars_nouveau:recipes/ars_nouveau/ritual_awakening": {
    "criteria": {
      "has_journal": "2024-07-30 20:54:17 +0000"
    },
    "done": true
  },
  "create:recipes/create.base/crafting/kinetics/wooden_bracket": {
    "criteria": {
      "has_item": "2024-08-10 17:18:16 +0000"
    },
    "done": true
  },
  "ars_nouveau:recipes/ars_nouveau/ghostweave": {
    "criteria": {
      "has_journal": "2024-07-30 20:54:17 +0000"
    },
    "done": true
  },
  "create:recipes/create.base/crafting/kinetics/contraption_controls": {
    "criteria": {
      "has_item": "2024-08-10 17:18:16 +0000"
    },
    "done": true
  },
  "ars_nouveau:recipes/ars_nouveau/gilded_sourcestone_alternating_slab": {
    "criteria": {
      "has_journal": "2024-07-30 20:54:17 +0000"
    },
    "done": true
  },
  "ars_nouveau:recipes/ars_nouveau/smooth_gilded_sourcestone_alternating_stonecutter_stair": {
    "criteria": {
      "has_journal": "2024-07-30 20:54:17 +0000"
    },
    "done": true
  },
  "create:recipes/create.base/crafting/kinetics/speedometer": {
    "criteria": {
      "has_item": "2024-08-10 17:18:16 +0000"
    },
    "done": true
  },
  "ars_nouveau:recipes/ars_nouveau/smooth_gilded_sourcestone_mosaic_stonecutter_stair": {
    "criteria": {
      "has_journal": "2024-07-30 20:54:17 +0000"
    },
    "done": true
  },
  "ars_nouveau:recipes/ars_nouveau/void_prism": {
    "criteria": {
      "has_journal": "2024-07-30 20:54:17 +0000"
    },
    "done": true
  },
  "minecraft:recipes/decorations/glass_pane": {
    "criteria": {
      "has_glass": "2024-08-10 17:19:12 +0000"
    },
    "done": true
  },
  "comforts:sleeping_bag_light_gray_from_white": {
    "criteria": {
      "has_sleeping_bag": "2024-08-10 17:18:16 +0000"
    },
    "done": true
  },
  "create:root": {
    "criteria": {
      "0": "2024-07-30 20:54:16 +0000"
    },
    "done": true
  },
  "create:recipes/create.palettes/tuff_pillar_from_stone_types_tuff_stonecutting": {
    "criteria": {
      "has_stone_types_tuff": "2024-08-10 17:21:01 +0000"
    },
    "done": true
  },
  "naturescompass:natures_compass_log": {
    "criteria": {
      "has_recipe": "2024-07-30 20:54:16 +0000"
    },
    "done": true
  },
  "ars_nouveau:recipes/ars_nouveau/ritual_binding": {
    "criteria": {
      "has_journal": "2024-07-30 20:54:17 +0000"
    },
    "done": true
  },
  "minecraft:recipes/building_blocks/magenta_stained_glass": {
    "criteria": {
      "has_glass": "2024-08-10 17:19:12 +0000"
    },
    "done": true
  },
  "ars_nouveau:recipes/ars_nouveau/potion_jar_empty": {
    "criteria": {
      "has_journal": "2024-07-30 20:54:17 +0000"
    },
    "done": true
  },
  "storagedrawers:recipes/storagedrawers/diamond_storage_upgrade": {
    "criteria": {
      "has_template": "2024-07-30 20:54:16 +0000"
    },
    "done": true
  },
  "alexsmobs:alexsmobs/root": {
    "criteria": {
      "useitem": "2024-07-30 20:56:55 +0000"
    },
    "done": true
  },
  "storagedrawers:recipes/storagedrawers/concealment_key": {
    "criteria": {
      "has_template": "2024-07-30 20:54:16 +0000"
    },
    "done": true
  },
  "minecraft:recipes/transportation/oak_boat": {
    "criteria": {
      "in_water": "2024-07-30 21:09:22 +0000"
    },
    "done": true
  },
  "ars_nouveau:recipes/ars_nouveau/sourcestone_large_bricks_stonecutter_stair": {
    "criteria": {
      "has_journal": "2024-07-30 20:54:17 +0000"
    },
    "done": true
  },
  "create:belt": {
    "criteria": {
      "0": "2024-08-10 17:20:29 +0000"
    },
    "done": true
  },
  "ars_nouveau:recipes/misc/magebloom_to_pink": {
    "criteria": {
      "has_journal": "2024-07-30 20:54:17 +0000"
    },
    "done": true
  },
  "ars_nouveau:recipes/ars_nouveau/smooth_gilded_sourcestone_basketweave_slab": {
    "criteria": {
      "has_journal": "2024-07-30 20:54:17 +0000"
    },
    "done": true
  },
  "ars_nouveau:recipes/ars_nouveau/worn_notebook": {
    "criteria": {
      "has_journal": "2024-07-30 20:54:17 +0000"
    },
    "done": true
  },
  "ars_nouveau:recipes/ars_nouveau/archwood_stairs": {
    "criteria": {
      "has_journal": "2024-07-30 20:54:17 +0000"
    },
    "done": true
  },
  "ars_nouveau:recipes/ars_nouveau/ritual_animal_summon": {
    "criteria": {
      "has_journal": "2024-07-30 20:54:17 +0000"
    },
    "done": true
  },
  "ars_nouveau:recipes/ars_nouveau/smooth_gilded_sourcestone_alternating_to_sourcestone": {
    "criteria": {
      "has_journal": "2024-07-30 20:54:17 +0000"
    },
    "done": true
  },
  "ars_nouveau:recipes/misc/wing_to_leather": {
    "criteria": {
      "has_journal": "2024-07-30 20:54:17 +0000"
    },
    "done": true
  },
  "ars_nouveau:recipes/ars_nouveau/sourcestone_basketweave_to_sourcestone": {
    "criteria": {
      "has_journal": "2024-07-30 20:54:17 +0000"
    },
    "done": true
  },
  "ars_nouveau:recipes/ars_nouveau/smooth_sourcestone_alternating_slab": {
    "criteria": {
      "has_journal": "2024-07-30 20:54:17 +0000"
    },
    "done": true
  },
  "ars_nouveau:recipes/ars_nouveau/source_jar": {
    "criteria": {
      "has_journal": "2024-07-30 20:54:17 +0000"
    },
    "done": true
  },
  "create:recipes/create.base/crafting/kinetics/fluid_pipe_vertical": {
    "criteria": {
      "has_item": "2024-08-10 17:18:16 +0000"
    },
    "done": true
  },
  "ars_nouveau:recipes/ars_nouveau/gilded_sourcestone_small_bricks_to_sourcestone": {
    "criteria": {
      "has_journal": "2024-07-30 20:54:17 +0000"
    },
    "done": true
  },
  "ars_nouveau:recipes/ars_nouveau/gilded_sourcestone_basketweave_slab": {
    "criteria": {
      "has_journal": "2024-07-30 20:54:17 +0000"
    },
    "done": true
  },
  "create:recipes/create.base/crafting/kinetics/goggles": {
    "criteria": {
      "has_item": "2024-08-10 17:18:16 +0000"
    },
    "done": true
  },
  "create:copper": {
    "criteria": {
      "0": "2024-08-10 17:18:16 +0000"
    },
    "done": true
  },
  "ars_nouveau:recipes/ars_nouveau/blank_thread": {
    "criteria": {
      "has_journal": "2024-07-30 20:54:17 +0000"
    },
    "done": true
  },
  "comforts:sleeping_bag_black_from_white": {
    "criteria": {
      "has_sleeping_bag": "2024-08-10 17:18:16 +0000"
    },
    "done": true
  },
  "ars_nouveau:recipes/ars_nouveau/dowsing_rod": {
    "criteria": {
      "has_journal": "2024-07-30 20:54:17 +0000"
    },
    "done": true
  },
  "ars_nouveau:recipes/ars_nouveau/imbuement_chamber": {
    "criteria": {
      "has_journal": "2024-07-30 20:54:17 +0000"
    },
    "done": true
  },
  "ars_nouveau:recipes/ars_nouveau/runic_chalk": {
    "criteria": {
      "has_journal": "2024-07-30 20:54:17 +0000"
    },
    "done": true
  },
  "ars_nouveau:recipes/ars_nouveau/gilded_sourcestone_small_bricks_stone_cutterslab": {
    "criteria": {
      "has_journal": "2024-07-30 20:54:17 +0000"
    },
    "done": true
  },
  "ars_nouveau:recipes/misc/air_essence_to_snow_bucket": {
    "criteria": {
      "has_journal": "2024-07-30 20:54:17 +0000"
    },
    "done": true
  },
  "ars_nouveau:recipes/ars_nouveau/smooth_sourcestone_small_bricks_stone_cutterslab": {
    "criteria": {
      "has_journal": "2024-07-30 20:54:17 +0000"
    },
    "done": true
  },
  "ars_nouveau:recipes/ars_nouveau/ritual_brazier": {
    "criteria": {
      "has_journal": "2024-07-30 20:54:17 +0000"
    },
    "done": true
  },
  "ars_nouveau:recipes/ars_nouveau/smooth_gilded_sourcestone_alternating_stairs": {
    "criteria": {
      "has_journal": "2024-07-30 20:54:17 +0000"
    },
    "done": true
  },
  "ars_nouveau:recipes/ars_nouveau/enchanting_apparatus": {
    "criteria": {
      "has_journal": "2024-07-30 20:54:17 +0000"
    },
    "done": true
  },
  "minecraft:recipes/building_blocks/white_stained_glass": {
    "criteria": {
      "has_glass": "2024-08-10 17:19:12 +0000"
    },
    "done": true
  },
  "ars_nouveau:recipes/ars_nouveau/smooth_sourcestone_alternating_stone_cutterslab": {
    "criteria": {
      "has_journal": "2024-07-30 20:54:17 +0000"
    },
    "done": true
  },
  "ars_nouveau:recipes/ars_nouveau/sourcestone_alternating_slab": {
    "criteria": {
      "has_journal": "2024-07-30 20:54:17 +0000"
    },
    "done": true
  },
  "ars_nouveau:recipes/ars_nouveau/purple_sbed": {
    "criteria": {
      "has_journal": "2024-07-30 20:54:17 +0000"
    },
    "done": true
  },
  "ars_nouveau:recipes/ars_nouveau/gilded_sourcestone_basketweave_stone_cutterslab": {
    "criteria": {
      "has_journal": "2024-07-30 20:54:17 +0000"
    },
    "done": true
  },
  "minecraft:recipes/tools/stone_shovel": {
    "criteria": {
      "has_cobblestone": "2024-08-10 17:18:52 +0000"
    },
    "done": true
  },
  "ars_elemental:recipes/ars_elemental/advanced_prism": {
    "criteria": {
      "has_journal": "2024-07-30 20:54:17 +0000"
    },
    "done": true
  },
  "storagedrawers:recipes/storagedrawers/quantify_key": {
    "criteria": {
      "has_template": "2024-07-30 20:54:16 +0000"
    },
    "done": true
  },
  "ars_nouveau:recipes/ars_nouveau/wilden_summon_alt": {
    "criteria": {
      "has_journal": "2024-07-30 20:54:17 +0000"
    },
    "done": true
  },
  "ars_nouveau:recipes/ars_nouveau/archwood_slab": {
    "criteria": {
      "has_journal": "2024-07-30 20:54:17 +0000"
    },
    "done": true
  },
  "minecraft:recipes/building_blocks/cyan_stained_glass": {
    "criteria": {
      "has_glass": "2024-08-10 17:19:12 +0000"
    },
    "done": true
  },
  "ars_nouveau:recipes/building_blocks/water_essence_to_obsidian": {
    "criteria": {
      "has_journal": "2024-07-30 20:54:17 +0000"
    },
    "done": true
  },
  "cataclysm:root": {
    "criteria": {
      "custom_test_name": "2024-07-30 20:54:18 +0000"
    },
    "done": true
  },
  "ironchest:recipes/ironchest/upgrades/diamond_to_obsidian_chest_upgrade": {
    "criteria": {
      "has_glass": "2024-08-10 17:19:12 +0000"
    },
    "done": true
  },
  "ars_nouveau:recipes/ars_nouveau/ritual_burrowing": {
    "criteria": {
      "has_journal": "2024-07-30 20:54:17 +0000"
    },
    "done": true
  },
  "ars_elemental:recipes/ars_elemental/yellow_archwood": {
    "criteria": {
      "has_journal": "2024-07-30 20:54:17 +0000"
    },
    "done": true
  },
  "ars_nouveau:recipes/ars_nouveau/sourcestone_alternating_stone_cutterslab": {
    "criteria": {
      "has_journal": "2024-07-30 20:54:17 +0000"
    },
    "done": true
  },
  "storagedrawers:recipes/storagedrawers/acacia_trim": {
    "criteria": {
      "has_planks": "2024-07-30 20:54:16 +0000"
    },
    "done": true
  },
  "ars_elemental:recipes/ars_nouveau/tablet_ritual_repulsion": {
    "criteria": {
      "has_journal": "2024-07-30 20:54:17 +0000"
    },
    "done": true
  },
  "comforts:sleeping_bag_blue_from_white": {
    "criteria": {
      "has_sleeping_bag": "2024-08-10 17:18:16 +0000"
    },
    "done": true
  },
  "storagedrawers:recipes/storagedrawers/crimson_trim": {
    "criteria": {
      "has_planks": "2024-07-30 20:54:16 +0000"
    },
    "done": true
  },
  "ars_nouveau:recipes/ars_nouveau/smooth_gilded_sourcestone_basketweave_stonecutter_stair": {
    "criteria": {
      "has_journal": "2024-07-30 20:54:17 +0000"
    },
    "done": true
  },
  "ars_nouveau:recipes/building_blocks/manipulation_essence_to_granite": {
    "criteria": {
      "has_journal": "2024-07-30 20:54:17 +0000"
    },
    "done": true
  },
  "create:recipes/create.base/crafting/kinetics/turntable": {
    "criteria": {
      "has_item": "2024-08-10 17:18:16 +0000"
    },
    "done": true
  },
  "storagedrawers:recipes/storagedrawers/dark_oak_trim": {
    "criteria": {
      "has_planks": "2024-07-30 20:54:16 +0000"
    },
    "done": true
  },
  "create:recipes/create.base/crafting/kinetics/copper_valve_handle": {
    "criteria": {
      "has_item": "2024-08-10 17:18:16 +0000"
    },
    "done": true
  },
  "ars_nouveau:recipes/ars_nouveau/ritual_conjure_island_desert": {
    "criteria": {
      "has_journal": "2024-07-30 20:54:17 +0000"
    },
    "done": true
  },
  "ars_nouveau:recipes/ars_nouveau/mob_jar": {
    "criteria": {
      "has_journal": "2024-07-30 20:54:17 +0000"
    },
    "done": true
  },
  "ars_nouveau:recipes/ars_nouveau/smooth_gilded_sourcestone_alternating_stone_cutterslab": {
    "criteria": {
      "has_journal": "2024-07-30 20:54:17 +0000"
    },
    "done": true
  },
  "ars_nouveau:recipes/ars_nouveau/sourcestone_mosaic_slab": {
    "criteria": {
      "has_journal": "2024-07-30 20:54:17 +0000"
    },
    "done": true
  },
  "create:recipes/create.base/crafting/kinetics/sticker": {
    "criteria": {
      "has_item": "2024-08-10 17:18:16 +0000"
    },
    "done": true
  },
  "comforts:sleeping_bag_red_from_white": {
    "criteria": {
      "has_sleeping_bag": "2024-08-10 17:18:16 +0000"
    },
    "done": true
  },
  "ironchest:recipes/ironchest/upgrades/diamond_to_crystal_chest_upgrade": {
    "criteria": {
      "has_glass": "2024-08-10 17:19:12 +0000"
    },
    "done": true
  },
  "ars_nouveau:recipes/ars_nouveau/gilded_sourcestone_small_bricks_stonecutter_stair": {
    "criteria": {
      "has_journal": "2024-07-30 20:54:17 +0000"
    },
    "done": true
  },
  "ars_nouveau:recipes/building_blocks/manipulation_essence_to_grass_block": {
    "criteria": {
      "has_journal": "2024-07-30 20:54:17 +0000"
    },
    "done": true
  },
  "ars_nouveau:recipes/ars_nouveau/sourcestone_basketweave_stairs": {
    "criteria": {
      "has_journal": "2024-07-30 20:54:17 +0000"
    },
    "done": true
  },
  "ars_nouveau:recipes/ars_nouveau/smooth_gilded_sourcestone_alternating_slab": {
    "criteria": {
      "has_journal": "2024-07-30 20:54:17 +0000"
    },
    "done": true
  },
  "create:recipes/create.palettes/tiled_glass_from_glass_colorless_stonecutting": {
    "criteria": {
      "has_glass_colorless": "2024-08-10 17:19:12 +0000"
    },
    "done": true
  },
  "ars_nouveau:recipes/ars_nouveau/ritual_harvest": {
    "criteria": {
      "has_journal": "2024-07-30 20:54:17 +0000"
    },
    "done": true
  },
  "byg:root": {
    "criteria": {
      "tick": "2024-07-30 20:54:18 +0000"
    },
    "done": true
  },
  "ars_nouveau:recipes/ars_nouveau/smooth_sourcestone_small_bricks_to_sourcestone": {
    "criteria": {
      "has_journal": "2024-07-30 20:54:17 +0000"
    },
    "done": true
  },
  "ars_nouveau:recipes/ars_nouveau/smooth_gilded_sourcestone_large_bricks_stonecutter_stair": {
    "criteria": {
      "has_journal": "2024-07-30 20:54:17 +0000"
    },
    "done": true
  },
  "ars_nouveau:recipes/ars_nouveau/clear_allow": {
    "criteria": {
      "has_journal": "2024-07-30 20:54:17 +0000"
    },
    "done": true
  },
  "create:recipes/create.palettes/small_tuff_bricks_from_stone_types_tuff_stonecutting": {
    "criteria": {
      "has_stone_types_tuff": "2024-08-10 17:21:01 +0000"
    },
    "done": true
  },
  "ars_nouveau:recipes/ars_nouveau/smooth_gilded_sourcestone_basketweave_to_sourcestone": {
    "criteria": {
      "has_journal": "2024-07-30 20:54:17 +0000"
    },
    "done": true
  },
  "ars_nouveau:recipes/ars_nouveau/arcane_pedestal": {
    "criteria": {
      "has_journal": "2024-07-30 20:54:17 +0000"
    },
    "done": true
  },
  "byg:husbandry/root": {
    "criteria": {
      "consumed_item": "2024-07-30 20:56:55 +0000"
    },
    "done": true
  },
  "create:recipes/create.palettes/copper_bars_from_ingots_copper_stonecutting": {
    "criteria": {
      "has_ingots_copper": "2024-08-10 17:18:16 +0000"
    },
    "done": true
  },
  "ars_nouveau:recipes/ars_nouveau/spell_prism": {
    "criteria": {
      "has_journal": "2024-07-30 20:54:17 +0000"
    },
    "done": true
  },
  "create:recipes/create.base/crafting/kinetics/filter": {
    "criteria": {
      "has_item": "2024-08-10 17:18:16 +0000"
    },
    "done": true
  },
  "ars_nouveau:recipes/building_blocks/manipulation_essence_to_deepslate": {
    "criteria": {
      "has_journal": "2024-07-30 20:54:17 +0000"
    },
    "done": true
  },
  "storagedrawers:recipes/storagedrawers/oak_trim": {
    "criteria": {
      "has_planks": "2024-07-30 20:54:16 +0000"
    },
    "done": true
  },
  "ars_nouveau:recipes/ars_nouveau/scry_to_blank_parchment": {
    "criteria": {
      "has_journal": "2024-07-30 20:54:17 +0000"
    },
    "done": true
  },
  "ars_nouveau:recipes/ars_nouveau/green_archwood_wood": {
    "criteria": {
      "has_journal": "2024-07-30 20:54:17 +0000"
    },
    "done": true
  },
  "ars_nouveau:recipes/ars_nouveau/smooth_sourcestone_alternating_stairs": {
    "criteria": {
      "has_journal": "2024-07-30 20:54:17 +0000"
    },
    "done": true
  },
  "ars_nouveau:recipes/ars_nouveau/source_gem_block": {
    "criteria": {
      "has_journal": "2024-07-30 20:54:17 +0000"
    },
    "done": true
  },
  "minecraft:recipes/transportation/jungle_boat": {
    "criteria": {
      "in_water": "2024-07-30 21:09:22 +0000"
    },
    "done": true
  },
  "ars_nouveau:recipes/building_blocks/manipulation_essence_to_tuff": {
    "criteria": {
      "has_journal": "2024-07-30 20:54:17 +0000"
    },
    "done": true
  },
  "storagedrawers:recipes/storagedrawers/drawer_key": {
    "criteria": {
      "has_template": "2024-07-30 20:54:16 +0000"
    },
    "done": true
  },
  "ars_nouveau:recipes/ars_nouveau/source_gem_block_2": {
    "criteria": {
      "has_journal": "2024-07-30 20:54:17 +0000"
    },
    "done": true
  },
  "ars_nouveau:recipes/ars_nouveau/moonfall_2": {
    "criteria": {
      "has_journal": "2024-07-30 20:54:17 +0000"
    },
    "done": true
  },
  "ars_nouveau:recipes/ars_nouveau/smooth_sourcestone_small_bricks_slab": {
    "criteria": {
      "has_journal": "2024-07-30 20:54:17 +0000"
    },
    "done": true
  },
  "ars_nouveau:recipes/ars_nouveau/archwood_door": {
    "criteria": {
      "has_journal": "2024-07-30 20:54:17 +0000"
    },
    "done": true
  },
  "minecraft:recipes/transportation/dark_oak_boat": {
    "criteria": {
      "in_water": "2024-07-30 21:09:22 +0000"
    },
    "done": true
  },
  "create:recipes/create.base/crafting/kinetics/windmill_bearing": {
    "criteria": {
      "has_item": "2024-08-10 17:18:16 +0000"
    },
    "done": true
  },
  "ars_elemental:recipes/decorations/alt_blossom": {
    "criteria": {
      "has_journal": "2024-07-30 20:54:17 +0000"
    },
    "done": true
  },
  "ars_nouveau:recipes/ars_nouveau/smooth_sourcestone_stone_cutterslab": {
    "criteria": {
      "has_journal": "2024-07-30 20:54:17 +0000"
    },
    "done": true
  },
  "ars_nouveau:recipes/ars_nouveau/sourcestone_alternating_to_sourcestone": {
    "criteria": {
      "has_journal": "2024-07-30 20:54:17 +0000"
    },
    "done": true
  },
  "ars_nouveau:recipes/ars_nouveau/rotating_turret_to_basic_spell_turret": {
    "criteria": {
      "has_journal": "2024-07-30 20:54:17 +0000"
    },
    "done": true
  },
  "ars_nouveau:recipes/ars_nouveau/basic_spell_turret": {
    "criteria": {
      "has_journal": "2024-07-30 20:54:17 +0000"
    },
    "done": true
  },
  "ars_nouveau:recipes/ars_nouveau/vitalic_sourcelink": {
    "criteria": {
      "has_journal": "2024-07-30 20:54:17 +0000"
    },
    "done": true
  },
  "ars_nouveau:recipes/ars_nouveau/manipulation_essence_to_cascading_sapling": {
    "criteria": {
      "has_journal": "2024-07-30 20:54:16 +0000"
    },
    "done": true
  },
  "create:recipes/create.base/crafting/kinetics/white_sail": {
    "criteria": {
      "has_item": "2024-08-10 17:18:16 +0000"
    },
    "done": true
  },
  "storagedrawers:recipes/storagedrawers/emerald_storage_upgrade": {
    "criteria": {
      "has_template": "2024-07-30 20:54:16 +0000"
    },
    "done": true
  },
  "create:recipes/create.palettes/crafting/materials/andesite_alloy_block": {
    "criteria": {
      "has_item": "2024-08-10 17:18:16 +0000"
    },
    "done": true
  },
  "ars_nouveau:recipes/ars_nouveau/smooth_sourcestone_alternating_to_sourcestone": {
    "criteria": {
      "has_journal": "2024-07-30 20:54:17 +0000"
    },
    "done": true
  },
  "create:recipes/create.base/crafting/kinetics/steam_whistle": {
    "criteria": {
      "has_item": "2024-08-10 17:18:16 +0000"
    },
    "done": true
  },
  "storagedrawers:recipes/storagedrawers/obsidian_storage_upgrade": {
    "criteria": {
      "has_template": "2024-07-30 20:54:16 +0000"
    },
    "done": true
  },
  "ars_nouveau:recipes/ars_nouveau/redstone_relay": {
    "criteria": {
      "has_journal": "2024-07-30 20:54:17 +0000"
    },
    "done": true
  },
  "ars_nouveau:recipes/ars_nouveau/smooth_sourcestone_to_sourcestone": {
    "criteria": {
      "has_journal": "2024-07-30 20:54:17 +0000"
    },
    "done": true
  },
  "storagedrawers:recipes/storagedrawers/gold_storage_upgrade": {
    "criteria": {
      "has_template": "2024-07-30 20:54:16 +0000"
    },
    "done": true
  },
  "ars_nouveau:recipes/ars_nouveau/scryers_crystal": {
    "criteria": {
      "has_journal": "2024-07-30 20:54:17 +0000"
    },
    "done": true
  },
  "ars_nouveau:recipes/ars_nouveau/smooth_gilded_sourcestone_large_bricks_slab": {
    "criteria": {
      "has_journal": "2024-07-30 20:54:17 +0000"
    },
    "done": true
  },
  "create:recipes/create.base/crafting/kinetics/fluid_pipe": {
    "criteria": {
      "has_item": "2024-08-10 17:18:16 +0000"
    },
    "done": true
  },
  "ars_nouveau:recipes/ars_nouveau/smooth_sourcestone_large_bricks_to_sourcestone": {
    "criteria": {
      "has_journal": "2024-07-30 20:54:17 +0000"
    },
    "done": true
  },
  "ars_nouveau:recipes/misc/horn_to_bonemeal": {
    "criteria": {
      "has_journal": "2024-07-30 20:54:17 +0000"
    },
    "done": true
  },
  "minecraft:recipes/building_blocks/pink_stained_glass": {
    "criteria": {
      "has_glass": "2024-08-10 17:19:12 +0000"
    },
    "done": true
  },
  "ars_nouveau:recipes/ars_nouveau/wipe_spell_parchment": {
    "criteria": {
      "has_journal": "2024-07-30 20:54:17 +0000"
    },
    "done": true
  },
  "ars_nouveau:recipes/ars_nouveau/clear_deny": {
    "criteria": {
      "has_journal": "2024-07-30 20:54:17 +0000"
    },
    "done": true
  },
  "create:recipes/create.base/crafting/kinetics/linear_chassis": {
    "criteria": {
      "has_item": "2024-08-10 17:18:16 +0000"
    },
    "done": true
  },
  "ars_nouveau:recipes/ars_nouveau/magelight_torch": {
    "criteria": {
      "has_journal": "2024-07-30 20:54:17 +0000"
    },
    "done": true
  },
  "DataVersion": 3120
}